State,District,Observations,Average_Groundwater,Minimum_Groundwater,Maximum_Groundwater
Madhya Pradesh,AGAR MALWA,3268,-8.967500000000001,-38.33,12.474
Madhya Pradesh,ALIRAJPUR,2726,-4.498015407190022,-6.64,-1.49
Madhya Pradesh,ANUPPUR,2780,-6.265341726618706,-10.72,1.0
Madhya Pradesh,ASHOK NAGAR,5196,-7.349152232486528,-14.82,1.0
Madhya Pradesh,BALAGHAT,5337,-5.232812441446506,-9.13,1.0
Madhya Pradesh,BARWANI,2006,-5.630344965104686,-9.75,-3.74
Madhya Pradesh,BETUL,12578,-27.352506360311658,-140.64,1.0
Madhya Pradesh,BHOPAL,4749,-16.551060223204885,-48.712,1.0
Madhya Pradesh,CHHATARPUR,17415,-12.54884214757393,-41.06,1.0
Madhya Pradesh,CHHINDWARA,5360,-12.175861940298509,-19.21,-1.35
Madhya Pradesh,DAMOH,13819,-7.841898256024314,-28.17,13.81
Madhya Pradesh,DATIA,2099,-11.309335874225821,-16.84,-0.655
Madhya Pradesh,DEWAS,3196,-22.88953066332916,-26.94,-6.97
Madhya Pradesh,DHAR,30637,-16.605803407644352,-111.36,16.61
Madhya Pradesh,DINDORI,2764,-5.575282199710564,-7.23,-3.85
Madhya Pradesh,GUNA,4823,-18.821147625958947,-50.66,1.0
Madhya Pradesh,GWALIOR,5924,-17.268240884537473,-27.9,1.0
Madhya Pradesh,HARDA,2702,-3.7768171724648405,-7.6,1.0
Madhya Pradesh,INDORE,28280,-17.647988012729844,-57.21,5.63
Madhya Pradesh,JABALPUR,2740,-6.229671532846715,-10.17,63.79
Madhya Pradesh,JHABUA,2069,-21.38461382310295,-29.53,-3.15
Madhya Pradesh,Khargone,8236,-23.51293164157358,-79.062,1.0
Madhya Pradesh,MANDLA,3558,-56.49632827431141,-62.16,1.0
Madhya Pradesh,MANDSAUR,25003,-12.533914810222774,-45.06,11.4
Madhya Pradesh,NARSIMHAPUR,2710,-9.450535055350553,-18.37,-3.9
Madhya Pradesh,NEEMUCH,9041,-17.327393982966488,-37.06,1.0
Madhya Pradesh,PANNA,4856,-30.048341021416807,-93.53,0.43
Madhya Pradesh,RAJGARH,9158,-6.788819611268837,-10.68,-0.515
Madhya Pradesh,RATLAM,23787,-15.643785891453314,-83.095,22.755
Madhya Pradesh,REWA,2694,-8.537412769116555,-26.85,7.58
Madhya Pradesh,SAGAR,12662,-26.969630706049596,-102.342,101.57
Madhya Pradesh,SATNA,5310,-23.149004331450094,-176.552,90.082
Madhya Pradesh,SEHORE,6078,-14.097441921684764,-37.91,-4.16
Madhya Pradesh,SEONI,2766,-3.573517715112075,-6.8,-1.34
Madhya Pradesh,SHAHDOL,2666,-12.42789197299325,-14.32,-9.02
Madhya Pradesh,SHAJAPUR,2739,-18.99788572471705,-29.931,1.0
Madhya Pradesh,SHIVPURI,31230,-10.126860870957412,-52.16,1.0
Madhya Pradesh,SIDHI,2687,-14.673777446966879,-19.25,-6.93
Madhya Pradesh,SINGRAULI,5398,-11.667554649870322,-16.32,-5.72
Madhya Pradesh,TIKAMGARH,8486,-4.766112773980674,-16.739,4.008
Madhya Pradesh,UJJAIN,19598,-11.824504541279723,-50.7,1.0
Madhya Pradesh,VIDISHA,3357,-7.34664581471552,-23.17,19.88
