State,District,Month,Observations,Average_Groundwater,Minimum_Groundwater,Maximum_Groundwater
Madhya Pradesh,AGAR MALWA,2023-10,48,-5.468333333333334,-5.67,-5.26
Madhya Pradesh,AGAR MALWA,2023-11,120,-6.288833333333333,-6.9,-5.65
Madhya Pradesh,AGAR MALWA,2023-12,124,-7.978790322580645,-9.16,-6.93
Madhya Pradesh,AGAR MALWA,2024-01,124,-9.809516129032259,-10.93,-9.16
Madhya Pradesh,AGAR MALWA,2024-02,116,-12.321551724137931,-14.35,-5.68
Madhya Pradesh,AGAR MALWA,2024-03,125,-6.7604,-30.22,-0.48
Madhya Pradesh,AGAR MALWA,2024-04,171,-9.693274853801169,-32.53,-0.55
Madhya Pradesh,AGAR MALWA,2024-05,124,-1.1801612903225807,-1.57,-0.83
Madhya Pradesh,AGAR MALWA,2024-06,136,-5.570808823529411,-38.33,-1.01
Madhya Pradesh,AGAR MALWA,2024-07,149,-6.900805369127517,-37.58,-1.01
Madhya Pradesh,AGAR MALWA,2024-08,124,-1.4241935483870967,-1.68,-1.01
Madhya Pradesh,AGAR MALWA,2024-09,120,-1.4370833333333333,-1.68,-1.01
Madhya Pradesh,AGAR MALWA,2024-10,69,-1.392608695652174,-1.68,-1.01
Madhya Pradesh,AGAR MALWA,2025-01,173,-6.156254335260115,-8.49,-1.347
Madhya Pradesh,AGAR MALWA,2025-02,174,-10.944925287356321,-18.396,-7.193
Madhya Pradesh,AGAR MALWA,2025-03,225,-16.581044444444444,-26.346,-9.579
Madhya Pradesh,AGAR MALWA,2025-04,128,-23.6103203125,-33.315,-11.239
Madhya Pradesh,AGAR MALWA,2025-05,157,-24.282267515923564,-35.43,-6.942
Madhya Pradesh,AGAR MALWA,2025-06,151,-27.042112582781456,-36.824,-14.045
Madhya Pradesh,AGAR MALWA,2025-07,143,-18.5608041958042,-32.355,-0.741
Madhya Pradesh,AGAR MALWA,2025-08,144,-6.076361111111111,-16.182,-0.682
Madhya Pradesh,AGAR MALWA,2025-09,140,4.183057142857143,-1.472,12.474
Madhya Pradesh,AGAR MALWA,2025-10,172,5.6793430232558135,-2.288,12.338
Madhya Pradesh,AGAR MALWA,2025-11,68,0.25835294117647056,-3.452,9.909
Madhya Pradesh,AGAR MALWA,2025-12,43,-4.803302325581395,-5.497,-3.56
Madhya Pradesh,ALIRAJPUR,2023-10,42,-3.492142857142857,-3.61,-3.36
Madhya Pradesh,ALIRAJPUR,2023-11,112,-3.891607142857143,-4.12,-3.6
Madhya Pradesh,ALIRAJPUR,2023-12,120,-4.125083333333333,-4.28,-3.94
Madhya Pradesh,ALIRAJPUR,2024-01,124,-4.383709677419355,-4.53,-4.27
Madhya Pradesh,ALIRAJPUR,2024-02,112,-4.6726785714285715,-4.81,-4.52
Madhya Pradesh,ALIRAJPUR,2024-03,124,-5.025161290322581,-5.24,-4.81
Madhya Pradesh,ALIRAJPUR,2024-04,112,-5.465000000000001,-5.7,-5.24
Madhya Pradesh,ALIRAJPUR,2024-05,116,-5.974827586206897,-6.25,-5.7
Madhya Pradesh,ALIRAJPUR,2024-06,112,-6.3425,-6.5,-5.98
Madhya Pradesh,ALIRAJPUR,2024-07,124,-5.634677419354839,-5.98,-4.7
Madhya Pradesh,ALIRAJPUR,2024-08,104,-3.524326923076923,-4.7,-1.77
Madhya Pradesh,ALIRAJPUR,2024-09,112,-2.0800892857142856,-2.54,-1.49
Madhya Pradesh,ALIRAJPUR,2024-10,116,-2.4429310344827586,-2.92,-1.73
Madhya Pradesh,ALIRAJPUR,2024-11,104,-3.3141346153846154,-3.64,-2.92
Madhya Pradesh,ALIRAJPUR,2024-12,97,-3.8356701030927836,-4.01,-3.63
Madhya Pradesh,ALIRAJPUR,2025-01,116,-4.242413793103449,-4.42,-4.05
Madhya Pradesh,ALIRAJPUR,2025-02,87,-4.615632183908046,-4.84,-4.44
Madhya Pradesh,ALIRAJPUR,2025-03,120,-5.0858333333333325,-5.37,-4.83
Madhya Pradesh,ALIRAJPUR,2025-04,85,-5.650470588235295,-5.99,-5.37
Madhya Pradesh,ALIRAJPUR,2025-05,88,-6.271136363636364,-6.39,-6.0
Madhya Pradesh,ALIRAJPUR,2025-06,97,-6.365670103092784,-6.64,-5.75
Madhya Pradesh,ALIRAJPUR,2025-07,98,-5.18030612244898,-5.75,-4.31
Madhya Pradesh,ALIRAJPUR,2025-08,89,-4.181123595505618,-4.43,-3.41
Madhya Pradesh,ALIRAJPUR,2025-09,84,-2.9845238095238096,-3.36,-2.71
Madhya Pradesh,ALIRAJPUR,2025-10,91,-3.518131868131868,-3.76,-3.07
Madhya Pradesh,ALIRAJPUR,2025-11,59,-3.766101694915254,-4.03,-3.51
Madhya Pradesh,ALIRAJPUR,2025-12,81,-4.367160493827161,-4.58,-4.1
Madhya Pradesh,ANUPPUR,2023-10,30,-4.972333333333333,-5.19,-4.71
Madhya Pradesh,ANUPPUR,2023-11,112,-5.557678571428572,-5.82,-5.18
Madhya Pradesh,ANUPPUR,2023-12,120,-5.7642500000000005,-5.98,-5.58
Madhya Pradesh,ANUPPUR,2024-01,124,-6.04491935483871,-6.31,-5.91
Madhya Pradesh,ANUPPUR,2024-02,112,-6.279107142857143,-6.47,-6.16
Madhya Pradesh,ANUPPUR,2024-03,124,-6.122419354838709,-6.35,-5.98
Madhya Pradesh,ANUPPUR,2024-04,108,-6.56712962962963,-7.22,-6.22
Madhya Pradesh,ANUPPUR,2024-05,112,-8.237857142857143,-9.69,-6.97
Madhya Pradesh,ANUPPUR,2024-06,116,-9.249741379310345,-9.85,-8.59
Madhya Pradesh,ANUPPUR,2024-07,124,-8.576612903225806,-9.83,-6.88
Madhya Pradesh,ANUPPUR,2024-08,104,-4.937307692307693,-6.94,-3.09
Madhya Pradesh,ANUPPUR,2024-09,112,-3.7017857142857147,-4.19,1.0
Madhya Pradesh,ANUPPUR,2024-10,116,-4.490258620689655,-5.07,-3.76
Madhya Pradesh,ANUPPUR,2024-11,108,-5.449537037037037,-5.82,-5.01
Madhya Pradesh,ANUPPUR,2024-12,89,-5.883033707865169,-6.13,-5.61
Madhya Pradesh,ANUPPUR,2025-01,116,-6.182499999999999,-6.43,-5.99
Madhya Pradesh,ANUPPUR,2025-02,87,-6.54528735632184,-7.49,-6.32
Madhya Pradesh,ANUPPUR,2025-03,120,-7.397916666666666,-8.85,-6.71
Madhya Pradesh,ANUPPUR,2025-04,101,-8.600891089108911,-10.36,-7.65
Madhya Pradesh,ANUPPUR,2025-05,88,-8.760340909090909,-10.72,-7.94
Madhya Pradesh,ANUPPUR,2025-06,98,-8.826020408163266,-10.39,-7.82
Madhya Pradesh,ANUPPUR,2025-07,95,-6.13578947368421,-8.87,-4.66
Madhya Pradesh,ANUPPUR,2025-08,93,-4.698602150537635,-5.4,-3.73
Madhya Pradesh,ANUPPUR,2025-09,84,-4.17595238095238,-4.54,-3.98
Madhya Pradesh,ANUPPUR,2025-10,105,-4.138190476190476,-4.58,-3.82
Madhya Pradesh,ANUPPUR,2025-11,83,-4.629277108433735,-5.24,-4.12
Madhya Pradesh,ANUPPUR,2025-12,99,-5.50050505050505,-5.91,-5.11
Madhya Pradesh,ASHOK NAGAR,2023-10,27,-5.76074074074074,-6.31,-5.2
Madhya Pradesh,ASHOK NAGAR,2023-11,224,-6.500491071428571,-8.67,-5.25
Madhya Pradesh,ASHOK NAGAR,2023-12,240,-7.363708333333333,-10.48,-5.17
Madhya Pradesh,ASHOK NAGAR,2024-01,248,-8.513709677419355,-12.47,-5.43
Madhya Pradesh,ASHOK NAGAR,2024-02,224,-9.507410714285713,-13.39,1.0
Madhya Pradesh,ASHOK NAGAR,2024-03,244,-9.945450819672132,-13.46,-6.01
Madhya Pradesh,ASHOK NAGAR,2024-04,224,-9.985223214285714,-13.4,1.0
Madhya Pradesh,ASHOK NAGAR,2024-05,220,-10.938590909090909,-14.42,1.0
Madhya Pradesh,ASHOK NAGAR,2024-06,232,-12.64905172413793,-14.82,1.0
Madhya Pradesh,ASHOK NAGAR,2024-07,240,-8.573708333333334,-14.33,-4.44
Madhya Pradesh,ASHOK NAGAR,2024-08,208,-4.426201923076923,-9.96,-2.27
Madhya Pradesh,ASHOK NAGAR,2024-09,224,-3.233214285714286,-3.8,-2.65
Madhya Pradesh,ASHOK NAGAR,2024-10,232,-3.7305172413793106,-4.39,1.0
Madhya Pradesh,ASHOK NAGAR,2024-11,212,-4.802594339622641,-5.89,-4.23
Madhya Pradesh,ASHOK NAGAR,2024-12,186,-5.802688172043011,-7.34,-4.82
Madhya Pradesh,ASHOK NAGAR,2025-01,232,-6.651077586206896,-9.15,1.0
Madhya Pradesh,ASHOK NAGAR,2025-02,174,-7.925402298850575,-11.6,1.0
Madhya Pradesh,ASHOK NAGAR,2025-03,236,-9.358177966101696,-13.02,1.0
Madhya Pradesh,ASHOK NAGAR,2025-04,185,-9.491135135135135,-12.9,-6.22
Madhya Pradesh,ASHOK NAGAR,2025-05,172,-10.434651162790697,-13.37,-6.94
Madhya Pradesh,ASHOK NAGAR,2025-06,191,-9.028848167539268,-13.42,-3.19
Madhya Pradesh,ASHOK NAGAR,2025-07,193,-3.9716062176165803,-7.37,-1.39
Madhya Pradesh,ASHOK NAGAR,2025-08,178,-3.015224719101124,-3.97,-1.75
Madhya Pradesh,ASHOK NAGAR,2025-09,91,-3.298351648351648,-3.72,-2.62
Madhya Pradesh,ASHOK NAGAR,2025-10,113,-4.317256637168142,-4.81,-3.77
Madhya Pradesh,ASHOK NAGAR,2025-11,72,-5.325694444444444,-5.85,-4.76
Madhya Pradesh,ASHOK NAGAR,2025-12,174,-5.838074712643678,-7.6,-4.732
Madhya Pradesh,BALAGHAT,2023-10,17,-2.71,-2.94,-2.47
Madhya Pradesh,BALAGHAT,2023-11,216,-3.18837962962963,-3.69,-2.56
Madhya Pradesh,BALAGHAT,2023-12,240,-4.173166666666666,-5.35,1.0
Madhya Pradesh,BALAGHAT,2024-01,248,-5.254717741935484,-6.03,-4.27
Madhya Pradesh,BALAGHAT,2024-02,224,-5.945267857142857,-6.78,-5.17
Madhya Pradesh,BALAGHAT,2024-03,248,-6.651411290322581,-7.16,-5.89
Madhya Pradesh,BALAGHAT,2024-04,228,-7.104298245614035,-7.47,-6.48
Madhya Pradesh,BALAGHAT,2024-05,232,-7.800905172413793,-8.53,-7.35
Madhya Pradesh,BALAGHAT,2024-06,228,-8.464166666666666,-9.13,-7.83
Madhya Pradesh,BALAGHAT,2024-07,236,-7.410805084745763,-9.11,-2.92
Madhya Pradesh,BALAGHAT,2024-08,212,-2.651226415094339,-6.94,-1.51
Madhya Pradesh,BALAGHAT,2024-09,220,-1.7706363636363638,-2.04,-0.91
Madhya Pradesh,BALAGHAT,2024-10,232,-2.2326724137931033,-2.67,-1.51
Madhya Pradesh,BALAGHAT,2024-11,220,-3.1349545454545455,-3.77,-2.43
Madhya Pradesh,BALAGHAT,2024-12,186,-4.231451612903226,-5.28,-3.52
Madhya Pradesh,BALAGHAT,2025-01,232,-5.4871982758620685,-6.99,-4.2
Madhya Pradesh,BALAGHAT,2025-02,174,-6.641206896551724,-7.9,-5.47
Madhya Pradesh,BALAGHAT,2025-03,240,-7.520666666666667,-8.54,-6.31
Madhya Pradesh,BALAGHAT,2025-04,169,-8.164437869822486,-8.81,-7.34
Madhya Pradesh,BALAGHAT,2025-05,164,-8.706768292682927,-8.95,-8.21
Madhya Pradesh,BALAGHAT,2025-06,198,-8.666868686868687,-9.1,1.0
Madhya Pradesh,BALAGHAT,2025-07,193,-5.430829015544042,-9.03,-2.76
Madhya Pradesh,BALAGHAT,2025-08,174,-2.7048275862068967,-3.12,-1.88
Madhya Pradesh,BALAGHAT,2025-09,165,-1.9786666666666668,-2.51,-1.17
Madhya Pradesh,BALAGHAT,2025-10,195,-2.200102564102564,-2.8,-1.63
Madhya Pradesh,BALAGHAT,2025-11,96,-2.692604166666667,-3.27,-2.06
Madhya Pradesh,BALAGHAT,2025-12,150,-3.746466666666667,-5.16,-2.87
Madhya Pradesh,BARWANI,2023-10,37,-5.05,-9.66,-4.2
Madhya Pradesh,BARWANI,2023-11,112,-5.012410714285714,-9.66,-4.3
Madhya Pradesh,BARWANI,2023-12,120,-4.960333333333334,-6.25,-4.45
Madhya Pradesh,BARWANI,2024-01,124,-5.245161290322581,-9.38,-4.59
Madhya Pradesh,BARWANI,2024-02,112,-5.637946428571429,-9.31,-4.83
Madhya Pradesh,BARWANI,2024-03,124,-6.25508064516129,-9.61,-5.29
Madhya Pradesh,BARWANI,2024-04,112,-6.752232142857143,-9.6,-5.77
Madhya Pradesh,BARWANI,2024-05,120,-7.965833333333333,-9.69,-6.1
Madhya Pradesh,BARWANI,2024-06,116,-8.927844827586206,-9.75,-7.16
Madhya Pradesh,BARWANI,2024-07,124,-6.606774193548387,-8.65,-5.56
Madhya Pradesh,BARWANI,2024-08,112,-5.736339285714286,-8.29,-5.16
Madhya Pradesh,BARWANI,2024-09,112,-4.924910714285715,-7.28,-4.31
Madhya Pradesh,BARWANI,2024-10,116,-4.363362068965517,-6.55,-3.74
Madhya Pradesh,BARWANI,2024-11,104,-4.464711538461538,-9.67,-3.77
Madhya Pradesh,BARWANI,2024-12,97,-4.528865979381443,-5.8,-4.16
Madhya Pradesh,BARWANI,2025-01,116,-4.604655172413793,-5.71,-3.99
Madhya Pradesh,BARWANI,2025-02,87,-5.3483908045977016,-6.82,-4.73
Madhya Pradesh,BARWANI,2025-03,29,-5.77448275862069,-7.03,-5.25
Madhya Pradesh,BARWANI,2025-04,28,-4.209071428571429,-4.257,-4.165
Madhya Pradesh,BARWANI,2025-05,92,-4.2097934782608695,-4.259,-4.163
Madhya Pradesh,BARWANI,2025-06,12,-4.215583333333334,-4.258,-4.167
Madhya Pradesh,BETUL,2023-10,31,-2.1119354838709676,-2.88,-1.24
Madhya Pradesh,BETUL,2023-11,224,-2.5619642857142857,-4.35,-1.33
Madhya Pradesh,BETUL,2023-12,240,-3.1950416666666666,-5.61,-1.55
Madhya Pradesh,BETUL,2024-01,564,-33.264632978723405,-99.05,0.0
Madhya Pradesh,BETUL,2024-02,684,-35.00194005847953,-99.14,0.0
Madhya Pradesh,BETUL,2024-03,740,-33.578116216216216,-99.19,-1.0
Madhya Pradesh,BETUL,2024-04,704,-33.54738778409091,-89.732,0.0
Madhya Pradesh,BETUL,2024-05,732,-25.670265027322408,-70.183,0.0
Madhya Pradesh,BETUL,2024-06,712,-25.32510252808989,-48.478,0.0
Madhya Pradesh,BETUL,2024-07,736,-24.94223097826087,-52.862,0.01
Madhya Pradesh,BETUL,2024-08,712,-25.056169943820223,-57.402,0.12
Madhya Pradesh,BETUL,2024-09,696,-24.76322844827586,-55.01,0.09
Madhya Pradesh,BETUL,2024-10,728,-23.671439560439563,-49.615,0.01
Madhya Pradesh,BETUL,2024-11,320,-17.961059374999998,-62.278,-0.85
Madhya Pradesh,BETUL,2024-12,274,-23.553609489051095,-78.795,-1.48
Madhya Pradesh,BETUL,2025-01,455,-28.95300879120879,-116.205,-2.18
Madhya Pradesh,BETUL,2025-02,300,-22.780296666666665,-140.64,-2.63
Madhya Pradesh,BETUL,2025-03,656,-41.16972713414634,-140.62,-3.07
Madhya Pradesh,BETUL,2025-04,574,-37.46012891986063,-140.564,-3.68
Madhya Pradesh,BETUL,2025-05,467,-41.70186723768737,-140.544,-4.11
Madhya Pradesh,BETUL,2025-06,359,-34.449557103064066,-140.533,1.0
Madhya Pradesh,BETUL,2025-07,307,-18.997755700325733,-132.725,-0.78
Madhya Pradesh,BETUL,2025-08,342,-27.214204678362574,-114.603,-0.17
Madhya Pradesh,BETUL,2025-09,324,-20.37370061728395,-86.284,-0.04
Madhya Pradesh,BETUL,2025-10,404,-17.454440594059406,-48.693,-0.26
Madhya Pradesh,BETUL,2025-11,179,-12.441201117318435,-60.106,-0.56
Madhya Pradesh,BETUL,2025-12,114,-3.4960526315789475,-5.35,-1.78
Madhya Pradesh,BHOPAL,2023-04,20,-35.1385,-37.8,-30.79
Madhya Pradesh,BHOPAL,2023-05,111,-29.285315315315316,-35.06,-23.79
Madhya Pradesh,BHOPAL,2023-06,80,-41.6385,-45.54,-35.2
Madhya Pradesh,BHOPAL,2023-07,120,-14.617750000000001,-41.36,-4.5
Madhya Pradesh,BHOPAL,2023-08,124,-3.6658870967741937,-4.62,-2.32
Madhya Pradesh,BHOPAL,2023-09,108,-2.189814814814815,-3.49,-1.05
Madhya Pradesh,BHOPAL,2023-10,104,-3.022307692307692,-4.72,-1.5
Madhya Pradesh,BHOPAL,2023-11,112,-6.5842857142857145,-7.18,-4.79
Madhya Pradesh,BHOPAL,2023-12,120,-7.604916666666667,-10.4,-6.07
Madhya Pradesh,BHOPAL,2024-01,208,-15.531826923076922,-21.29,-9.54
Madhya Pradesh,BHOPAL,2024-02,228,-13.124078947368421,-24.24,-1.0
Madhya Pradesh,BHOPAL,2024-03,244,-16.833073770491804,-43.89,-1.0
Madhya Pradesh,BHOPAL,2024-04,232,-22.570301724137934,-46.41,-1.0
Madhya Pradesh,BHOPAL,2024-05,232,-22.291551724137932,-47.11,-1.0
Madhya Pradesh,BHOPAL,2024-06,236,-29.564957627118645,-47.81,-1.0
Madhya Pradesh,BHOPAL,2024-07,248,-23.361451612903227,-47.48,-1.0
Madhya Pradesh,BHOPAL,2024-08,236,-1.6111016949152543,-9.27,-0.94
Madhya Pradesh,BHOPAL,2024-09,228,-1.0056140350877194,-1.42,-0.56
Madhya Pradesh,BHOPAL,2024-10,240,-1.6599583333333332,-4.04,-0.71
Madhya Pradesh,BHOPAL,2024-11,125,-0.06792000000000001,-4.97,1.0
Madhya Pradesh,BHOPAL,2024-12,96,1.0,1.0,1.0
Madhya Pradesh,BHOPAL,2025-01,144,-6.138756944444444,-28.727,1.0
Madhya Pradesh,BHOPAL,2025-02,95,-33.888,-45.234,1.0
Madhya Pradesh,BHOPAL,2025-03,116,-46.16464655172414,-46.646,-45.29
Madhya Pradesh,BHOPAL,2025-04,133,-39.65012030075188,-48.432,-18.652
Madhya Pradesh,BHOPAL,2025-05,140,-37.479992857142854,-48.712,-18.65
Madhya Pradesh,BHOPAL,2025-06,109,-46.24660550458716,-48.678,-18.667
Madhya Pradesh,BHOPAL,2025-07,98,-34.19963265306122,-48.015,-6.856
Madhya Pradesh,BHOPAL,2025-08,87,-2.6284942528735633,-6.58,-0.975
Madhya Pradesh,BHOPAL,2025-09,84,-6.716154761904763,-47.966,-0.813
Madhya Pradesh,BHOPAL,2025-10,109,-14.470440366972477,-45.87,-4.97
Madhya Pradesh,BHOPAL,2025-11,83,-6.215048192771085,-7.998,-4.522
Madhya Pradesh,BHOPAL,2025-12,99,-12.322454545454546,-17.33,-7.953
Madhya Pradesh,CHHATARPUR,2023-10,205,-10.917170731707317,-35.13,-1.57
Madhya Pradesh,CHHATARPUR,2023-11,672,-12.270431547619047,-37.04,-1.8
Madhya Pradesh,CHHATARPUR,2023-12,716,-12.644078212290502,-38.18,-2.36
Madhya Pradesh,CHHATARPUR,2024-01,820,-12.898670731707316,-38.97,-2.85
Madhya Pradesh,CHHATARPUR,2024-02,788,-13.82715736040609,-39.73,-3.29
Madhya Pradesh,CHHATARPUR,2024-03,869,-14.243981588032222,-40.24,-3.55
Madhya Pradesh,CHHATARPUR,2024-04,784,-14.679464285714287,-40.53,-4.17
Madhya Pradesh,CHHATARPUR,2024-05,757,-15.827965653896962,-41.03,-1.0
Madhya Pradesh,CHHATARPUR,2024-06,811,-16.529827373612825,-41.06,-5.77
Madhya Pradesh,CHHATARPUR,2024-07,853,-14.431758499413835,-40.73,-4.0
Madhya Pradesh,CHHATARPUR,2024-08,737,-11.666960651289008,-39.58,-1.64
Madhya Pradesh,CHHATARPUR,2024-09,775,-8.776348387096775,-36.53,-0.53
Madhya Pradesh,CHHATARPUR,2024-10,824,-8.40621359223301,-33.54,1.0
Madhya Pradesh,CHHATARPUR,2024-11,723,-10.230816044260028,-35.76,-1.86
Madhya Pradesh,CHHATARPUR,2024-12,623,-11.716757624398074,-35.75,-2.87
Madhya Pradesh,CHHATARPUR,2025-01,797,-12.30792973651192,-35.83,1.0
Madhya Pradesh,CHHATARPUR,2025-02,553,-14.56010849909584,-36.32,-4.38
Madhya Pradesh,CHHATARPUR,2025-03,833,-15.11049219687875,-36.8,-5.33
Madhya Pradesh,CHHATARPUR,2025-04,569,-16.461173989455183,-36.99,-6.32
Madhya Pradesh,CHHATARPUR,2025-05,561,-16.947372549019608,-37.1,-6.96
Madhya Pradesh,CHHATARPUR,2025-06,516,-17.079850775193798,-36.92,-5.75
Madhya Pradesh,CHHATARPUR,2025-07,544,-9.818516544117648,-35.47,-0.27
Madhya Pradesh,CHHATARPUR,2025-08,517,-7.1400812379110254,-29.36,-0.28
Madhya Pradesh,CHHATARPUR,2025-09,456,-6.714203947368421,-28.61,-0.34
Madhya Pradesh,CHHATARPUR,2025-10,593,-8.160844856661045,-30.26,1.0
Madhya Pradesh,CHHATARPUR,2025-11,259,-8.178749034749034,-30.7,1.0
Madhya Pradesh,CHHATARPUR,2025-12,260,-6.666538461538462,-12.61,1.0
Madhya Pradesh,CHHINDWARA,2023-10,22,-10.177727272727273,-19.09,-4.45
Madhya Pradesh,CHHINDWARA,2023-11,224,-11.612633928571428,-19.11,-4.68
Madhya Pradesh,CHHINDWARA,2023-12,236,-13.110466101694916,-19.11,-6.44
Madhya Pradesh,CHHINDWARA,2024-01,248,-13.471572580645162,-19.11,-7.44
Madhya Pradesh,CHHINDWARA,2024-02,224,-13.962589285714285,-19.11,-8.41
Madhya Pradesh,CHHINDWARA,2024-03,248,-14.208024193548388,-19.11,-8.99
Madhya Pradesh,CHHINDWARA,2024-04,220,-14.632454545454545,-19.11,-9.61
Madhya Pradesh,CHHINDWARA,2024-05,220,-15.175954545454546,-19.11,-10.32
Madhya Pradesh,CHHINDWARA,2024-06,228,-15.420394736842105,-19.12,-11.27
Madhya Pradesh,CHHINDWARA,2024-07,244,-12.233852459016394,-19.12,-1.54
Madhya Pradesh,CHHINDWARA,2024-08,200,-6.2749,-12.74,-1.35
Madhya Pradesh,CHHINDWARA,2024-09,224,-6.204508928571428,-11.87,-1.39
Madhya Pradesh,CHHINDWARA,2024-10,232,-7.79125,-17.33,-1.48
Madhya Pradesh,CHHINDWARA,2024-11,216,-10.726064814814814,-19.15,-2.95
Madhya Pradesh,CHHINDWARA,2024-12,182,-13.067197802197802,-19.19,-5.51
Madhya Pradesh,CHHINDWARA,2025-01,232,-13.10206896551724,-19.14,-6.36
Madhya Pradesh,CHHINDWARA,2025-02,170,-13.696823529411764,-19.14,-8.05
Madhya Pradesh,CHHINDWARA,2025-03,240,-14.385583333333333,-19.14,-8.93
Madhya Pradesh,CHHINDWARA,2025-04,209,-15.25645933014354,-19.14,-10.12
Madhya Pradesh,CHHINDWARA,2025-05,168,-15.651666666666667,-19.14,-11.35
Madhya Pradesh,CHHINDWARA,2025-06,202,-15.600792079207922,-19.14,-11.08
Madhya Pradesh,CHHINDWARA,2025-07,195,-12.090564102564102,-19.15,-1.86
Madhya Pradesh,CHHINDWARA,2025-08,178,-8.962640449438203,-19.15,-1.66
Madhya Pradesh,CHHINDWARA,2025-09,145,-6.158413793103448,-13.5,-1.62
Madhya Pradesh,CHHINDWARA,2025-10,199,-8.434623115577889,-16.26,-2.07
Madhya Pradesh,CHHINDWARA,2025-11,118,-10.164745762711865,-19.17,-4.03
Madhya Pradesh,CHHINDWARA,2025-12,136,-11.992941176470588,-19.21,-5.59
Madhya Pradesh,DAMOH,2023-10,138,-5.780289855072463,-15.51,-0.67
Madhya Pradesh,DAMOH,2023-11,560,-7.243732142857143,-22.04,-0.77
Madhya Pradesh,DAMOH,2023-12,682,-9.202947214076246,-24.45,-0.56
Madhya Pradesh,DAMOH,2024-01,724,-9.702513812154695,-23.21,-0.83
Madhya Pradesh,DAMOH,2024-02,672,-10.713705357142857,-23.69,-2.4
Madhya Pradesh,DAMOH,2024-03,740,-10.924702702702703,-28.16,-2.55
Madhya Pradesh,DAMOH,2024-04,672,-11.934747023809523,-28.17,1.0
Madhya Pradesh,DAMOH,2024-05,688,-11.509956395348837,-28.17,1.0
Madhya Pradesh,DAMOH,2024-06,688,-12.091308139534883,-28.17,-2.23
Madhya Pradesh,DAMOH,2024-07,708,-9.057824858757062,-24.73,-0.48
Madhya Pradesh,DAMOH,2024-08,517,-5.153036750483559,-13.19,-0.48
Madhya Pradesh,DAMOH,2024-09,552,-3.6090942028985507,-8.45,-0.44
Madhya Pradesh,DAMOH,2024-10,580,-4.6803275862068965,-12.66,-0.81
Madhya Pradesh,DAMOH,2024-11,443,-6.351625282167043,-15.33,-1.99
Madhya Pradesh,DAMOH,2024-12,375,-8.235173333333334,-20.54,-2.37
Madhya Pradesh,DAMOH,2025-01,519,-7.388335260115607,-20.55,1.0
Madhya Pradesh,DAMOH,2025-02,383,-6.691613577023499,-24.38,1.0
Madhya Pradesh,DAMOH,2025-03,538,-9.457667286245353,-25.485,1.2
Madhya Pradesh,DAMOH,2025-04,458,-10.424231441048034,-28.091,1.44
Madhya Pradesh,DAMOH,2025-05,391,-9.968314578005115,-28.093,1.55
Madhya Pradesh,DAMOH,2025-06,455,-9.921208791208791,-28.089,2.07
Madhya Pradesh,DAMOH,2025-07,439,-5.254772209567197,-23.593,9.22
Madhya Pradesh,DAMOH,2025-08,400,-1.7897375,-10.47,11.78
Madhya Pradesh,DAMOH,2025-09,376,-0.6947313829787234,-8.36,11.36
Madhya Pradesh,DAMOH,2025-10,487,-2.058439425051335,-11.762,10.36
Madhya Pradesh,DAMOH,2025-11,303,-2.955821782178218,-15.134,11.39
Madhya Pradesh,DAMOH,2025-12,331,-3.4160151057401813,-19.021,13.81
Madhya Pradesh,DATIA,2023-10,29,-12.895172413793103,-13.56,-11.63
Madhya Pradesh,DATIA,2023-11,112,-15.068482142857144,-15.58,-13.24
Madhya Pradesh,DATIA,2023-12,120,-14.859,-15.28,-14.41
Madhya Pradesh,DATIA,2024-01,124,-15.098870967741936,-15.44,-14.85
Madhya Pradesh,DATIA,2024-02,112,-15.640267857142858,-16.07,-15.3
Madhya Pradesh,DATIA,2024-03,124,-16.06967741935484,-16.25,-15.92
Madhya Pradesh,DATIA,2024-04,108,-16.146018518518517,-16.24,-16.1
Madhya Pradesh,DATIA,2024-05,120,-16.12216666666667,-16.25,-15.99
Madhya Pradesh,DATIA,2024-06,116,-16.46163793103448,-16.84,-16.2
Madhya Pradesh,DATIA,2024-07,120,-16.035666666666668,-16.84,-15.25
Madhya Pradesh,DATIA,2024-08,108,-9.711666666666666,-16.09,-5.05
Madhya Pradesh,DATIA,2024-09,116,-3.0618103448275864,-5.64,-1.33
Madhya Pradesh,DATIA,2024-10,80,-2.2852625,-3.092,-1.61
Madhya Pradesh,DATIA,2024-11,54,-4.224314814814814,-6.08,-3.123
Madhya Pradesh,DATIA,2024-12,51,-6.9635686274509805,-7.551,-6.142
Madhya Pradesh,DATIA,2025-01,58,-9.123103448275861,-9.989,-7.784
Madhya Pradesh,DATIA,2025-02,45,-12.622311111111111,-14.087,-10.762
Madhya Pradesh,DATIA,2025-03,60,-14.79245,-15.122,-14.141
Madhya Pradesh,DATIA,2025-04,55,-14.116381818181818,-15.002,-13.629
Madhya Pradesh,DATIA,2025-05,43,-13.518720930232558,-13.68,-13.305
Madhya Pradesh,DATIA,2025-06,51,-12.803627450980393,-13.401,-10.884
Madhya Pradesh,DATIA,2025-07,52,-3.5628076923076923,-10.919,-0.941
Madhya Pradesh,DATIA,2025-08,43,-1.4285813953488373,-2.086,-0.887
Madhya Pradesh,DATIA,2025-09,46,-0.9936956521739131,-1.406,-0.655
Madhya Pradesh,DATIA,2025-10,61,-1.3397540983606557,-1.707,-1.058
Madhya Pradesh,DATIA,2025-11,40,-1.63715,-2.117,-1.133
Madhya Pradesh,DATIA,2025-12,51,-3.1296470588235294,-3.991,-2.281
Madhya Pradesh,DEWAS,2023-05,27,-26.91296296296296,-26.94,-26.9
Madhya Pradesh,DEWAS,2023-06,80,-26.88625,-26.91,-26.85
Madhya Pradesh,DEWAS,2023-07,120,-26.408333333333335,-26.88,-24.85
Madhya Pradesh,DEWAS,2023-08,124,-20.939435483870966,-24.78,-17.58
Madhya Pradesh,DEWAS,2023-09,108,-13.82064814814815,-19.9,-8.39
Madhya Pradesh,DEWAS,2023-10,108,-15.626944444444446,-19.95,-13.2
Madhya Pradesh,DEWAS,2023-11,112,-24.46625,-26.03,-20.07
Madhya Pradesh,DEWAS,2023-12,120,-26.59075,-26.85,-25.96
Madhya Pradesh,DEWAS,2024-01,124,-26.84056451612903,-26.85,-26.83
Madhya Pradesh,DEWAS,2024-02,108,-26.83388888888889,-26.84,-26.82
Madhya Pradesh,DEWAS,2024-03,120,-26.831916666666665,-26.85,-26.81
Madhya Pradesh,DEWAS,2024-04,108,-26.823425925925925,-26.84,-26.8
Madhya Pradesh,DEWAS,2024-05,112,-26.827410714285715,-26.85,-26.81
Madhya Pradesh,DEWAS,2024-06,116,-26.83853448275862,-26.85,-26.82
Madhya Pradesh,DEWAS,2024-07,124,-26.611451612903227,-26.86,-24.93
Madhya Pradesh,DEWAS,2024-08,104,-18.65048076923077,-24.87,-10.79
Madhya Pradesh,DEWAS,2024-09,104,-12.952596153846153,-15.34,-10.56
Madhya Pradesh,DEWAS,2024-10,116,-8.99551724137931,-11.87,-6.97
Madhya Pradesh,DEWAS,2024-11,109,-19.354678899082568,-26.02,-9.28
Madhya Pradesh,DEWAS,2024-12,92,-26.695434782608697,-26.91,-25.98
Madhya Pradesh,DEWAS,2025-01,116,-26.894482758620686,-26.91,-26.85
Madhya Pradesh,DEWAS,2025-02,87,-26.894367816091954,-26.92,-26.85
Madhya Pradesh,DEWAS,2025-03,120,-26.895,-26.91,-26.85
Madhya Pradesh,DEWAS,2025-04,89,-26.87179775280899,-26.89,-26.86
Madhya Pradesh,DEWAS,2025-05,84,-26.863690476190477,-26.88,-26.85
Madhya Pradesh,DEWAS,2025-06,97,-26.863917525773196,-26.89,-26.82
Madhya Pradesh,DEWAS,2025-07,94,-26.42255319148936,-26.88,-25.38
Madhya Pradesh,DEWAS,2025-08,89,-23.443707865168538,-25.54,-14.56
Madhya Pradesh,DEWAS,2025-09,80,-13.349,-16.62,-10.7
Madhya Pradesh,DEWAS,2025-10,98,-9.647857142857143,-12.82,-8.07
Madhya Pradesh,DEWAS,2025-11,47,-14.349787234042555,-23.83,-8.51
Madhya Pradesh,DEWAS,2025-12,59,-26.183559322033897,-26.87,-24.59
Madhya Pradesh,DHAR,2023-09,476,-6.252478991596639,-17.7,-0.85
Madhya Pradesh,DHAR,2023-10,1005,-6.814218905472637,-16.83,-0.85
Madhya Pradesh,DHAR,2023-11,1136,-9.682165492957747,-18.33,1.0
Madhya Pradesh,DHAR,2023-12,1196,-10.248076923076924,-19.05,-3.86
Madhya Pradesh,DHAR,2024-01,1500,-19.701178666666667,-111.36,-4.44
Madhya Pradesh,DHAR,2024-02,1476,-23.415304200542007,-107.705,-4.54
Madhya Pradesh,DHAR,2024-03,1612,-23.472413771712162,-111.36,-1.0
Madhya Pradesh,DHAR,2024-04,1481,-24.370738690074273,-110.383,1.0
Madhya Pradesh,DHAR,2024-05,1420,-26.302316901408453,-111.36,0.0
Madhya Pradesh,DHAR,2024-06,1412,-26.12261614730878,-111.36,1.0
Madhya Pradesh,DHAR,2024-07,1453,-24.731596696490023,-111.019,1.0
Madhya Pradesh,DHAR,2024-08,1313,-22.007691546077684,-111.36,-1.31
Madhya Pradesh,DHAR,2024-09,1415,-17.568616254416963,-108.075,8.49
Madhya Pradesh,DHAR,2024-10,1442,-17.11113176144244,-108.068,14.31
Madhya Pradesh,DHAR,2024-11,825,-10.010762424242426,-108.972,1.0
Madhya Pradesh,DHAR,2024-12,781,-9.020469910371318,-108.924,16.61
Madhya Pradesh,DHAR,2025-01,1139,-11.335118525021949,-108.649,8.71
Madhya Pradesh,DHAR,2025-02,898,-12.760819599109132,-107.445,1.0
Madhya Pradesh,DHAR,2025-03,1361,-15.728385011021306,-106.506,1.0
Madhya Pradesh,DHAR,2025-04,1048,-15.943731870229007,-104.933,1.0
Madhya Pradesh,DHAR,2025-05,974,-15.345812114989734,-106.796,1.0
Madhya Pradesh,DHAR,2025-06,1084,-13.926420664206642,-108.986,1.0
Madhya Pradesh,DHAR,2025-07,914,-12.784021881838074,-107.162,1.23
Madhya Pradesh,DHAR,2025-08,882,-11.633544217687074,-107.12,1.33
Madhya Pradesh,DHAR,2025-09,730,-8.650776712328767,-106.089,2.838
Madhya Pradesh,DHAR,2025-10,826,-6.89516828087167,-105.44,3.061
Madhya Pradesh,DHAR,2025-11,384,-6.6744765625,-16.48,2.396
Madhya Pradesh,DHAR,2025-12,454,-10.304178414096915,-16.98,1.0
Madhya Pradesh,DINDORI,2023-10,42,-4.712380952380952,-4.85,-4.58
Madhya Pradesh,DINDORI,2023-11,112,-5.0373214285714285,-5.27,-4.79
Madhya Pradesh,DINDORI,2023-12,120,-5.300666666666667,-5.47,-5.19
Madhya Pradesh,DINDORI,2024-01,124,-5.490483870967743,-5.6,-5.4
Madhya Pradesh,DINDORI,2024-02,112,-5.638392857142857,-5.77,-5.53
Madhya Pradesh,DINDORI,2024-03,124,-5.765403225806451,-5.85,-5.66
Madhya Pradesh,DINDORI,2024-04,112,-5.8863392857142856,-6.02,-5.78
Madhya Pradesh,DINDORI,2024-05,104,-6.694807692307692,-7.23,-6.0
Madhya Pradesh,DINDORI,2024-06,116,-6.8342241379310344,-7.07,-6.44
Madhya Pradesh,DINDORI,2024-07,124,-6.133951612903226,-6.62,-5.44
Madhya Pradesh,DINDORI,2024-08,92,-4.881847826086957,-6.15,-4.05
Madhya Pradesh,DINDORI,2024-09,112,-4.158571428571428,-4.49,-3.85
Madhya Pradesh,DINDORI,2024-10,116,-4.666206896551724,-5.24,-4.16
Madhya Pradesh,DINDORI,2024-11,108,-5.238981481481481,-5.69,-4.83
Madhya Pradesh,DINDORI,2024-12,93,-5.688817204301075,-6.08,-5.34
Madhya Pradesh,DINDORI,2025-01,116,-5.978017241379311,-6.27,-5.62
Madhya Pradesh,DINDORI,2025-02,87,-6.263218390804598,-6.49,-5.96
Madhya Pradesh,DINDORI,2025-03,120,-6.523583333333334,-6.83,-6.21
Madhya Pradesh,DINDORI,2025-04,89,-6.844269662921348,-7.05,-6.54
Madhya Pradesh,DINDORI,2025-05,84,-6.782380952380953,-6.94,-6.6
Madhya Pradesh,DINDORI,2025-06,101,-6.505742574257426,-6.69,-6.02
Madhya Pradesh,DINDORI,2025-07,98,-5.173265306122449,-6.13,-4.11
Madhya Pradesh,DINDORI,2025-08,88,-4.386590909090909,-4.7,-3.92
Madhya Pradesh,DINDORI,2025-09,80,-4.250625,-4.7,-3.9
Madhya Pradesh,DINDORI,2025-10,116,-4.699827586206896,-4.9,-4.53
Madhya Pradesh,DINDORI,2025-11,75,-4.87,-5.11,-4.58
Madhya Pradesh,DINDORI,2025-12,99,-5.294141414141414,-5.51,-5.04
Madhya Pradesh,GUNA,2023-10,16,-14.534375,-14.67,-14.41
Madhya Pradesh,GUNA,2023-11,112,-15.629464285714286,-16.45,-14.7
Madhya Pradesh,GUNA,2023-12,219,-17.462054794520547,-18.69,-16.46
Madhya Pradesh,GUNA,2024-01,248,-19.57189516129032,-20.72,1.0
Madhya Pradesh,GUNA,2024-02,224,-21.699508928571426,-22.69,-20.59
Madhya Pradesh,GUNA,2024-03,248,-23.45157258064516,-24.04,-22.71
Madhya Pradesh,GUNA,2024-04,175,-24.413714285714285,-24.88,-24.02
Madhya Pradesh,GUNA,2024-05,224,-27.156964285714285,-40.22,-24.7
Madhya Pradesh,GUNA,2024-06,232,-35.82991379310345,-50.36,-25.19
Madhya Pradesh,GUNA,2024-07,244,-32.710819672131144,-50.66,-23.28
Madhya Pradesh,GUNA,2024-08,205,-17.996,-23.71,-12.5
Madhya Pradesh,GUNA,2024-09,219,-10.134109589041095,-12.5,-9.23
Madhya Pradesh,GUNA,2024-10,232,-9.931724137931035,-10.8,-9.36
Madhya Pradesh,GUNA,2024-11,216,-12.432638888888889,-13.59,-10.66
Madhya Pradesh,GUNA,2024-12,130,-14.529,-15.98,-13.6
Madhya Pradesh,GUNA,2025-01,156,-17.02996794871795,-17.71,-16.32
Madhya Pradesh,GUNA,2025-02,170,-18.17060588235294,-18.99,-17.485
Madhya Pradesh,GUNA,2025-03,240,-19.574179166666667,-20.55,-18.609
Madhya Pradesh,GUNA,2025-04,152,-21.219809210526318,-22.44,-16.59
Madhya Pradesh,GUNA,2025-05,172,-23.063668604651163,-23.59,-22.237
Madhya Pradesh,GUNA,2025-06,192,-23.685989583333335,-24.16,-22.616
Madhya Pradesh,GUNA,2025-07,196,-17.50998979591837,-23.33,-7.667
Madhya Pradesh,GUNA,2025-08,186,-7.242967741935484,-8.01,-5.95
Madhya Pradesh,GUNA,2025-09,141,-4.277886524822695,-6.13,-3.62
Madhya Pradesh,GUNA,2025-10,112,-6.1620357142857145,-7.216,-5.214
Madhya Pradesh,GUNA,2025-11,66,-8.791348484848486,-10.15,-7.223
Madhya Pradesh,GUNA,2025-12,96,-12.12409375,-13.839,-10.595
Madhya Pradesh,GWALIOR,2023-04,19,-21.65684210526316,-22.47,-21.18
Madhya Pradesh,GWALIOR,2023-05,226,-22.39924778761062,-24.86,-21.01
Madhya Pradesh,GWALIOR,2023-06,160,-23.7116875,-26.37,-21.57
Madhya Pradesh,GWALIOR,2023-07,244,-21.10704918032787,-25.23,-19.38
Madhya Pradesh,GWALIOR,2023-08,248,-17.848427419354838,-20.0,1.0
Madhya Pradesh,GWALIOR,2023-09,216,-15.696990740740741,-18.39,-13.68
Madhya Pradesh,GWALIOR,2023-10,215,-16.167953488372092,-17.54,-14.81
Madhya Pradesh,GWALIOR,2023-11,224,-17.416607142857142,-18.56,-16.56
Madhya Pradesh,GWALIOR,2023-12,236,-17.098686440677966,-18.69,-16.01
Madhya Pradesh,GWALIOR,2024-01,213,-16.91511737089202,-18.29,-15.4
Madhya Pradesh,GWALIOR,2024-02,221,-17.34135746606335,-19.16,-15.75
Madhya Pradesh,GWALIOR,2024-03,248,-18.485806451612902,-20.53,-16.8
Madhya Pradesh,GWALIOR,2024-04,224,-20.559464285714284,-23.01,-18.55
Madhya Pradesh,GWALIOR,2024-05,228,-22.98280701754386,-26.21,1.0
Madhya Pradesh,GWALIOR,2024-06,228,-25.190087719298248,-27.89,-22.26
Madhya Pradesh,GWALIOR,2024-07,245,-23.586285714285715,-27.9,-20.66
Madhya Pradesh,GWALIOR,2024-08,112,-19.094107142857144,-24.34,-15.48
Madhya Pradesh,GWALIOR,2024-09,203,-14.753783251231527,-23.779,-6.84
Madhya Pradesh,GWALIOR,2024-10,181,-11.968237569060774,-16.665,-8.07
Madhya Pradesh,GWALIOR,2024-11,195,-13.751553846153845,-17.329,-10.52
Madhya Pradesh,GWALIOR,2024-12,181,-15.039000000000001,-17.994,-11.95
Madhya Pradesh,GWALIOR,2025-01,184,-15.162097826086956,-18.937,-12.9
Madhya Pradesh,GWALIOR,2025-02,130,-15.776646153846153,-20.295,-13.44
Madhya Pradesh,GWALIOR,2025-03,180,-16.76463888888889,-21.506,-13.85
Madhya Pradesh,GWALIOR,2025-04,137,-18.747204379562046,-22.822,-15.35
Madhya Pradesh,GWALIOR,2025-05,129,-19.73077519379845,-23.642,-17.2
Madhya Pradesh,GWALIOR,2025-06,152,-20.47692105263158,-24.025,-18.21
Madhya Pradesh,GWALIOR,2025-07,143,-13.311251748251749,-20.733,-5.17
Madhya Pradesh,GWALIOR,2025-08,139,-6.900388489208633,-10.272,-4.35
Madhya Pradesh,GWALIOR,2025-09,117,-5.980094017094017,-8.946,-4.37
Madhya Pradesh,GWALIOR,2025-10,149,-7.516570469798658,-8.72,-6.27
Madhya Pradesh,GWALIOR,2025-11,52,-8.358673076923077,-9.3,-7.54
Madhya Pradesh,GWALIOR,2025-12,145,-9.362275862068966,-10.44,-8.335
Madhya Pradesh,HARDA,2023-10,21,-2.630952380952381,-2.81,-2.42
Madhya Pradesh,HARDA,2023-11,112,-3.530089285714286,-3.88,-2.83
Madhya Pradesh,HARDA,2023-12,120,-3.0732500000000003,-3.8,-2.91
Madhya Pradesh,HARDA,2024-01,124,-2.7156451612903227,-3.1,1.0
Madhya Pradesh,HARDA,2024-02,112,-3.1650892857142856,-3.41,-2.96
Madhya Pradesh,HARDA,2024-03,124,-3.3161290322580643,-4.25,-2.87
Madhya Pradesh,HARDA,2024-04,108,-5.161666666666667,-5.48,-4.29
Madhya Pradesh,HARDA,2024-05,116,-5.856810344827586,-6.14,-5.38
Madhya Pradesh,HARDA,2024-06,116,-6.708706896551725,-7.18,-6.14
Madhya Pradesh,HARDA,2024-07,120,-6.853666666666666,-7.6,-4.6
Madhya Pradesh,HARDA,2024-08,108,-2.1775925925925925,-4.53,-1.47
Madhya Pradesh,HARDA,2024-09,112,-1.4695535714285715,-2.21,1.0
Madhya Pradesh,HARDA,2024-10,116,-2.939913793103448,-3.18,-2.23
Madhya Pradesh,HARDA,2024-11,104,-3.521153846153846,-3.6,-3.19
Madhya Pradesh,HARDA,2024-12,97,-3.3169072164948457,-3.59,-3.08
Madhya Pradesh,HARDA,2025-01,116,-2.941637931034483,-3.45,-2.41
Madhya Pradesh,HARDA,2025-02,87,-2.810574712643678,-3.34,1.0
Madhya Pradesh,HARDA,2025-03,116,-3.7042241379310346,-5.6,-2.67
Madhya Pradesh,HARDA,2025-04,93,-6.269247311827956,-6.53,-5.63
Madhya Pradesh,HARDA,2025-05,84,-6.7055952380952375,-6.77,-6.53
Madhya Pradesh,HARDA,2025-06,101,-6.156831683168317,-6.54,-5.97
Madhya Pradesh,HARDA,2025-07,98,-3.8275510204081633,-5.94,-2.09
Madhya Pradesh,HARDA,2025-08,89,-1.8501123595505617,-2.13,-1.57
Madhya Pradesh,HARDA,2025-09,73,-1.3242465753424657,-1.52,-1.24
Madhya Pradesh,HARDA,2025-10,107,-1.6162616822429907,-2.38,1.0
Madhya Pradesh,HARDA,2025-11,53,-3.1060377358490565,-3.54,-2.39
Madhya Pradesh,HARDA,2025-12,75,-3.4573333333333336,-4.02,-3.19
Madhya Pradesh,INDORE,2023-05,180,-19.959722222222222,-35.41,-7.33
Madhya Pradesh,INDORE,2023-06,601,-20.53386023294509,-36.37,-7.49
Madhya Pradesh,INDORE,2023-07,968,-11.221859504132231,-35.63,1.0
Madhya Pradesh,INDORE,2023-08,992,-6.55883064516129,-20.67,1.0
Madhya Pradesh,INDORE,2023-09,887,-5.721871476888388,-20.84,-0.53
Madhya Pradesh,INDORE,2023-10,892,-8.363385650224215,-53.84,-1.56
Madhya Pradesh,INDORE,2023-11,1008,-14.39077380952381,-57.18,-3.77
Madhya Pradesh,INDORE,2023-12,1072,-16.23269589552239,-57.19,-3.81
Madhya Pradesh,INDORE,2024-01,1116,-18.244605734767024,-57.2,-4.23
Madhya Pradesh,INDORE,2024-02,1008,-20.542380952380952,-57.2,-4.67
Madhya Pradesh,INDORE,2024-03,1108,-21.274503610108304,-57.19,1.0
Madhya Pradesh,INDORE,2024-04,1000,-23.39066,-57.2,-6.03
Madhya Pradesh,INDORE,2024-05,1028,-25.20125486381323,-57.21,-6.9
Madhya Pradesh,INDORE,2024-06,1040,-26.590836538461538,-57.2,1.0
Madhya Pradesh,INDORE,2024-07,1084,-20.92962177121771,-57.2,-4.11
Madhya Pradesh,INDORE,2024-08,960,-15.206906250000001,-57.21,-1.75
Madhya Pradesh,INDORE,2024-09,1000,-12.64441,-57.2,-1.74
Madhya Pradesh,INDORE,2024-10,1041,-12.34636887608069,-57.2,1.0
Madhya Pradesh,INDORE,2024-11,952,-13.734831932773108,-57.2,1.0
Madhya Pradesh,INDORE,2024-12,856,-15.427044392523364,-57.2,1.0
Madhya Pradesh,INDORE,2025-01,1044,-17.293409961685825,-57.19,1.0
Madhya Pradesh,INDORE,2025-02,791,-20.715335018963334,-57.19,1.0
Madhya Pradesh,INDORE,2025-03,1060,-23.15112264150943,-57.2,-7.39
Madhya Pradesh,INDORE,2025-04,784,-26.44386479591837,-57.2,-8.34
Madhya Pradesh,INDORE,2025-05,757,-27.69565389696169,-57.2,-9.27
Madhya Pradesh,INDORE,2025-06,886,-27.449345372460495,-57.2,1.0
Madhya Pradesh,INDORE,2025-07,872,-20.890206422018352,-57.2,1.0
Madhya Pradesh,INDORE,2025-08,779,-17.09356867779204,-57.2,1.0
Madhya Pradesh,INDORE,2025-09,629,-14.687965023847376,-57.2,1.0
Madhya Pradesh,INDORE,2025-10,809,-12.999752781211372,-57.2,1.0
Madhya Pradesh,INDORE,2025-11,497,-13.475631790744467,-57.19,5.63
Madhya Pradesh,INDORE,2025-12,579,-13.299070811744388,-57.19,1.0
Madhya Pradesh,JABALPUR,2023-10,43,-8.06,-8.17,-8.0
Madhya Pradesh,JABALPUR,2023-11,112,-8.374732142857143,-8.51,-8.19
Madhya Pradesh,JABALPUR,2023-12,116,-8.572931034482759,-8.74,-8.5
Madhya Pradesh,JABALPUR,2024-01,124,-8.733387096774194,-8.98,-8.53
Madhya Pradesh,JABALPUR,2024-02,112,-8.848035714285714,-9.28,1.0
Madhya Pradesh,JABALPUR,2024-03,120,-8.950666666666667,-9.5,1.0
Madhya Pradesh,JABALPUR,2024-04,112,-9.447232142857143,-9.56,-9.36
Madhya Pradesh,JABALPUR,2024-05,108,-9.44425925925926,-9.95,1.0
Madhya Pradesh,JABALPUR,2024-06,116,-10.081637931034482,-10.17,-9.91
Madhya Pradesh,JABALPUR,2024-07,124,-9.042741935483871,-9.89,-7.98
Madhya Pradesh,JABALPUR,2024-08,104,-6.922884615384616,-7.97,-6.51
Madhya Pradesh,JABALPUR,2024-09,112,-6.4556249999999995,-6.95,1.0
Madhya Pradesh,JABALPUR,2024-10,113,-7.203805309734513,-8.09,1.0
Madhya Pradesh,JABALPUR,2024-11,103,-7.832427184466019,-8.69,1.0
Madhya Pradesh,JABALPUR,2024-12,93,-5.849462365591398,-8.89,1.0
Madhya Pradesh,JABALPUR,2025-01,116,-5.341293103448276,-9.08,1.0
Madhya Pradesh,JABALPUR,2025-02,87,-3.2439080459770118,-9.41,1.0
Madhya Pradesh,JABALPUR,2025-03,116,-3.5317241379310347,-9.61,1.0
Madhya Pradesh,JABALPUR,2025-04,96,-3.6566666666666667,-9.75,1.0
Madhya Pradesh,JABALPUR,2025-05,84,-5.363214285714285,-9.78,1.0
Madhya Pradesh,JABALPUR,2025-06,101,-6.123366336633664,-9.69,1.0
Madhya Pradesh,JABALPUR,2025-07,97,-7.432164948453607,-9.22,1.0
Madhya Pradesh,JABALPUR,2025-08,85,-4.307529411764706,-7.63,63.79
Madhya Pradesh,JABALPUR,2025-09,88,-0.7826136363636365,-6.92,1.0
Madhya Pradesh,JABALPUR,2025-10,106,0.6581132075471698,-8.12,1.0
Madhya Pradesh,JABALPUR,2025-11,68,1.0,1.0,1.0
Madhya Pradesh,JABALPUR,2025-12,84,1.0,1.0,1.0
Madhya Pradesh,JHABUA,2023-10,37,-14.544594594594594,-19.85,-8.15
Madhya Pradesh,JHABUA,2023-11,112,-24.185357142857146,-28.58,-16.15
Madhya Pradesh,JHABUA,2023-12,116,-18.475086206896552,-24.56,-12.33
Madhya Pradesh,JHABUA,2024-01,124,-22.423709677419353,-25.66,-18.16
Madhya Pradesh,JHABUA,2024-02,112,-27.021607142857142,-28.99,-24.27
Madhya Pradesh,JHABUA,2024-03,124,-28.891935483870967,-29.52,-27.92
Madhya Pradesh,JHABUA,2024-04,112,-29.400892857142857,-29.52,-28.66
Madhya Pradesh,JHABUA,2024-05,108,-29.50416666666667,-29.51,-29.36
Madhya Pradesh,JHABUA,2024-06,108,-28.314537037037038,-29.51,-20.33
Madhya Pradesh,JHABUA,2024-07,116,-14.546206896551723,-23.09,-4.79
Madhya Pradesh,JHABUA,2024-08,112,-5.505535714285714,-10.85,-3.38
Madhya Pradesh,JHABUA,2024-09,112,-4.812053571428572,-9.96,-3.4
Madhya Pradesh,JHABUA,2024-10,116,-7.592413793103448,-15.55,-3.74
Madhya Pradesh,JHABUA,2024-11,112,-20.285982142857144,-27.39,-10.2
Madhya Pradesh,JHABUA,2024-12,97,-27.809896907216494,-29.31,-25.52
Madhya Pradesh,JHABUA,2025-01,116,-28.25120689655172,-29.53,-26.5
Madhya Pradesh,JHABUA,2025-02,91,-29.525054945054947,-29.53,-29.52
Madhya Pradesh,JHABUA,2025-03,25,-29.5256,-29.53,-29.52
Madhya Pradesh,JHABUA,2025-04,28,-28.100357142857145,-28.149,-28.05
Madhya Pradesh,JHABUA,2025-05,83,-23.18718072289157,-29.53,-13.13
Madhya Pradesh,JHABUA,2025-06,82,-20.53158536585366,-26.22,-7.73
Madhya Pradesh,JHABUA,2025-07,26,-5.293461538461538,-7.99,-3.15
Madhya Pradesh,Khargone,2023-10,22,-4.969090909090909,-5.41,-4.77
Madhya Pradesh,Khargone,2023-11,112,-6.194821428571429,-7.87,-5.03
Madhya Pradesh,Khargone,2023-12,120,-7.12425,-10.21,-5.61
Madhya Pradesh,Khargone,2024-01,260,-19.643280769230767,-48.0,0.0
Madhya Pradesh,Khargone,2024-02,379,-23.590237467018472,-41.442,0.0
Madhya Pradesh,Khargone,2024-03,448,-25.319254464285713,-55.224,0.0
Madhya Pradesh,Khargone,2024-04,429,-27.01702797202797,-62.192,0.0
Madhya Pradesh,Khargone,2024-05,364,-29.23484065934066,-56.298,0.0
Madhya Pradesh,Khargone,2024-06,352,-32.54290909090909,-49.537,0.0
Madhya Pradesh,Khargone,2024-07,368,-21.877557065217392,-41.915,-0.186
Madhya Pradesh,Khargone,2024-08,348,-26.55509770114943,-57.195,-2.37
Madhya Pradesh,Khargone,2024-09,434,-20.545976958525344,-58.833,-2.17
Madhya Pradesh,Khargone,2024-10,488,-22.233534836065573,-44.075,-3.67
Madhya Pradesh,Khargone,2024-11,320,-18.32213125,-47.452,-4.5
Madhya Pradesh,Khargone,2024-12,241,-19.664572614107886,-48.734,-6.14
Madhya Pradesh,Khargone,2025-01,418,-25.19120813397129,-50.286,1.0
Madhya Pradesh,Khargone,2025-02,236,-25.30719915254237,-63.487,1.0
Madhya Pradesh,Khargone,2025-03,488,-31.372661885245904,-65.177,1.0
Madhya Pradesh,Khargone,2025-04,353,-33.259218130311616,-68.521,1.0
Madhya Pradesh,Khargone,2025-05,368,-32.300546195652174,-79.062,1.0
Madhya Pradesh,Khargone,2025-06,306,-33.087856209150324,-74.221,1.0
Madhya Pradesh,Khargone,2025-07,217,-21.212304147465435,-61.265,-3.821
Madhya Pradesh,Khargone,2025-08,339,-16.379834808259588,-48.438,1.0
Madhya Pradesh,Khargone,2025-09,332,-13.725822289156627,-45.094,1.0
Madhya Pradesh,Khargone,2025-10,308,-11.324425324675325,-44.248,1.0
Madhya Pradesh,Khargone,2025-11,103,-6.389660194174757,-10.241,1.0
Madhya Pradesh,Khargone,2025-12,83,-10.026144578313252,-13.13,-7.5
Madhya Pradesh,MANDLA,2024-01,155,-55.801516129032265,-61.87,0.0
Madhya Pradesh,MANDLA,2024-02,232,-57.654034482758625,-62.16,-53.173
Madhya Pradesh,MANDLA,2024-03,248,-57.20233064516129,-61.04,-54.011
Madhya Pradesh,MANDLA,2024-04,241,-57.10263900414938,-61.59,-54.071
Madhya Pradesh,MANDLA,2024-05,248,-56.31339516129032,-60.433,0.0
Madhya Pradesh,MANDLA,2024-06,240,-55.858912499999995,-60.433,0.0
Madhya Pradesh,MANDLA,2024-07,248,-56.691568548387096,-60.433,-1.0
Madhya Pradesh,MANDLA,2024-08,248,-57.05389919354839,-60.156,-54.059
Madhya Pradesh,MANDLA,2024-09,241,-57.03817012448133,-60.433,-53.3
Madhya Pradesh,MANDLA,2024-10,248,-57.21868951612903,-60.433,-53.63
Madhya Pradesh,MANDLA,2024-11,53,-60.47309433962264,-60.629,-60.381
Madhya Pradesh,MANDLA,2024-12,4,-60.15675,-61.906,-54.941
Madhya Pradesh,MANDLA,2025-01,138,-56.01579710144928,-61.913,-54.254
Madhya Pradesh,MANDLA,2025-02,83,-54.57527710843373,-54.806,-54.427
Madhya Pradesh,MANDLA,2025-03,172,-56.716412790697674,-61.98,-54.258
Madhya Pradesh,MANDLA,2025-04,152,-57.87672368421053,-61.98,-54.748
Madhya Pradesh,MANDLA,2025-05,141,-57.34770212765957,-61.98,-54.795
Madhya Pradesh,MANDLA,2025-06,101,-54.94923762376237,-61.972,1.0
Madhya Pradesh,MANDLA,2025-07,75,-52.85804,-54.059,1.0
Madhya Pradesh,MANDLA,2025-08,80,-53.8739375,-54.265,-53.506
Madhya Pradesh,MANDLA,2025-09,84,-53.626797619047615,-54.017,-53.513
Madhya Pradesh,MANDLA,2025-10,105,-54.33655238095238,-54.619,-53.917
Madhya Pradesh,MANDLA,2025-11,21,-54.552857142857135,-54.701,-54.455
Madhya Pradesh,MANDSAUR,2023-09,354,-10.148870056497175,-38.18,1.0
Madhya Pradesh,MANDSAUR,2023-10,750,-7.72672,-26.74,1.0
Madhya Pradesh,MANDSAUR,2023-11,1088,-10.345900735294117,-37.45,1.0
Madhya Pradesh,MANDSAUR,2023-12,1204,-12.440282392026578,-37.44,1.0
Madhya Pradesh,MANDSAUR,2024-01,1181,-13.85467400508044,-39.56,1.0
Madhya Pradesh,MANDSAUR,2024-02,1008,-14.972023809523808,-42.71,1.0
Madhya Pradesh,MANDSAUR,2024-03,1146,-15.891012216404885,-45.05,1.0
Madhya Pradesh,MANDSAUR,2024-04,1087,-16.889917203311867,-45.05,1.0
Madhya Pradesh,MANDSAUR,2024-05,1052,-17.927053231939162,-45.05,1.0
Madhya Pradesh,MANDSAUR,2024-06,1032,-18.27051356589147,-45.05,1.0
Madhya Pradesh,MANDSAUR,2024-07,1076,-16.668327137546466,-45.06,-2.46
Madhya Pradesh,MANDSAUR,2024-08,880,-11.17343181818182,-45.05,1.0
Madhya Pradesh,MANDSAUR,2024-09,976,-7.93359631147541,-33.16,1.0
Madhya Pradesh,MANDSAUR,2024-10,1029,-7.237998056365403,-23.62,1.0
Madhya Pradesh,MANDSAUR,2024-11,930,-7.7289784946236555,-19.48,1.0
Madhya Pradesh,MANDSAUR,2024-12,852,-10.188133802816903,-32.41,1.0
Madhya Pradesh,MANDSAUR,2025-01,1037,-11.200721311475409,-32.31,1.0
Madhya Pradesh,MANDSAUR,2025-02,779,-14.024621309370989,-34.141,1.0
Madhya Pradesh,MANDSAUR,2025-03,1065,-16.288861971830986,-38.03,1.0
Madhya Pradesh,MANDSAUR,2025-04,842,-17.749408551068885,-39.791,1.0
Madhya Pradesh,MANDSAUR,2025-05,840,-17.21677976190476,-41.974,1.0
Madhya Pradesh,MANDSAUR,2025-06,859,-16.82048777648428,-42.854,1.0
Madhya Pradesh,MANDSAUR,2025-07,773,-10.468926261319533,-31.38,1.0
Madhya Pradesh,MANDSAUR,2025-08,746,-7.555979892761394,-28.203,1.0
Madhya Pradesh,MANDSAUR,2025-09,612,-5.217282679738562,-16.66,4.44
Madhya Pradesh,MANDSAUR,2025-10,765,-5.870577777777778,-15.81,5.26
Madhya Pradesh,MANDSAUR,2025-11,444,-6.2293468468468465,-15.58,11.4
Madhya Pradesh,MANDSAUR,2025-12,596,-8.849463087248322,-17.76,-3.59
Madhya Pradesh,NARSIMHAPUR,2023-10,32,-6.9,-7.24,-6.5
Madhya Pradesh,NARSIMHAPUR,2023-11,112,-7.864642857142857,-8.46,-7.23
Madhya Pradesh,NARSIMHAPUR,2023-12,120,-7.7692499999999995,-8.39,-7.48
Madhya Pradesh,NARSIMHAPUR,2024-01,124,-8.231048387096774,-8.81,-7.93
Madhya Pradesh,NARSIMHAPUR,2024-02,112,-8.69705357142857,-8.96,-8.45
Madhya Pradesh,NARSIMHAPUR,2024-03,120,-9.275166666666667,-10.24,-8.68
Madhya Pradesh,NARSIMHAPUR,2024-04,112,-10.828839285714285,-11.66,-10.05
Madhya Pradesh,NARSIMHAPUR,2024-05,104,-12.552692307692308,-15.26,-11.43
Madhya Pradesh,NARSIMHAPUR,2024-06,116,-13.637241379310346,-17.64,-13.16
Madhya Pradesh,NARSIMHAPUR,2024-07,120,-13.095333333333334,-15.94,-11.38
Madhya Pradesh,NARSIMHAPUR,2024-08,108,-8.106296296296296,-11.34,-6.82
Madhya Pradesh,NARSIMHAPUR,2024-09,112,-5.949732142857143,-6.87,-5.07
Madhya Pradesh,NARSIMHAPUR,2024-10,116,-6.752241379310345,-13.16,-5.21
Madhya Pradesh,NARSIMHAPUR,2024-11,112,-8.911339285714286,-14.36,-6.66
Madhya Pradesh,NARSIMHAPUR,2024-12,93,-8.443118279569893,-11.89,-7.54
Madhya Pradesh,NARSIMHAPUR,2025-01,113,-7.896902654867257,-8.58,-7.51
Madhya Pradesh,NARSIMHAPUR,2025-02,71,-9.123661971830986,-12.53,-8.3
Madhya Pradesh,NARSIMHAPUR,2025-03,120,-11.098166666666666,-15.57,-10.15
Madhya Pradesh,NARSIMHAPUR,2025-04,108,-13.048981481481482,-16.11,-12.13
Madhya Pradesh,NARSIMHAPUR,2025-05,88,-14.632045454545455,-18.37,-13.34
Madhya Pradesh,NARSIMHAPUR,2025-06,101,-14.054257425742575,-16.2,-13.28
Madhya Pradesh,NARSIMHAPUR,2025-07,94,-11.4581914893617,-15.77,-7.06
Madhya Pradesh,NARSIMHAPUR,2025-08,89,-7.233370786516854,-10.65,-4.87
Madhya Pradesh,NARSIMHAPUR,2025-09,73,-4.97972602739726,-8.54,-3.9
Madhya Pradesh,NARSIMHAPUR,2025-10,92,-5.979347826086957,-9.78,-4.32
Madhya Pradesh,NARSIMHAPUR,2025-11,75,-6.876933333333333,-11.17,-5.55
Madhya Pradesh,NARSIMHAPUR,2025-12,73,-7.543424657534246,-9.67,-6.66
Madhya Pradesh,NEEMUCH,2023-10,192,-15.7509375,-33.93,-1.58
Madhya Pradesh,NEEMUCH,2023-11,452,-14.745641592920354,-37.02,-3.15
Madhya Pradesh,NEEMUCH,2023-12,484,-15.618305785123967,-37.02,-8.66
Madhya Pradesh,NEEMUCH,2024-01,496,-17.747217741935486,-37.05,-10.52
Madhya Pradesh,NEEMUCH,2024-02,452,-18.42404867256637,-37.06,-11.1
Madhya Pradesh,NEEMUCH,2024-03,496,-18.897983870967742,-37.05,-11.34
Madhya Pradesh,NEEMUCH,2024-04,452,-19.059601769911506,-37.02,-11.61
Madhya Pradesh,NEEMUCH,2024-05,480,-21.773520833333333,-37.0,-10.75
Madhya Pradesh,NEEMUCH,2024-06,460,-20.849804347826087,-36.97,-10.88
Madhya Pradesh,NEEMUCH,2024-07,484,-18.76923553719008,-36.94,-7.44
Madhya Pradesh,NEEMUCH,2024-08,424,-13.192169811320756,-36.92,-0.28
Madhya Pradesh,NEEMUCH,2024-09,452,-11.931725663716815,-29.78,-0.24
Madhya Pradesh,NEEMUCH,2024-10,425,-12.622258823529412,-30.34,1.0
Madhya Pradesh,NEEMUCH,2024-11,312,-14.937916666666666,-34.28,-2.18
Madhya Pradesh,NEEMUCH,2024-12,278,-17.78658273381295,-36.96,-6.85
Madhya Pradesh,NEEMUCH,2025-01,349,-19.82621776504298,-37.0,-10.51
Madhya Pradesh,NEEMUCH,2025-02,261,-21.957701149425287,-36.97,-11.82
Madhya Pradesh,NEEMUCH,2025-03,360,-24.829749999999997,-36.96,-14.55
Madhya Pradesh,NEEMUCH,2025-04,216,-19.750476851851854,-36.9,1.0
Madhya Pradesh,NEEMUCH,2025-05,256,-18.04266796875,-36.84,-11.131
Madhya Pradesh,NEEMUCH,2025-06,195,-20.056015384615385,-21.47,-11.148
Madhya Pradesh,NEEMUCH,2025-07,147,-19.831904761904763,-21.46,-13.68
Madhya Pradesh,NEEMUCH,2025-08,140,-18.03307142857143,-21.48,-10.96
Madhya Pradesh,NEEMUCH,2025-09,199,-12.45788944723618,-29.13,-0.51
Madhya Pradesh,NEEMUCH,2025-10,210,-10.459285714285713,-21.52,-2.14
Madhya Pradesh,NEEMUCH,2025-11,159,-12.267169811320755,-21.59,-3.52
Madhya Pradesh,NEEMUCH,2025-12,210,-13.124,-21.61,-6.3
Madhya Pradesh,PANNA,2023-10,30,-4.799,-5.51,-4.0
Madhya Pradesh,PANNA,2023-11,112,-4.847678571428572,-6.23,-4.04
Madhya Pradesh,PANNA,2023-12,120,-5.860083333333334,-7.13,-4.72
Madhya Pradesh,PANNA,2024-01,196,-26.404275510204084,-59.9,-5.01
Madhya Pradesh,PANNA,2024-02,228,-35.29320175438597,-59.78,-7.2
Madhya Pradesh,PANNA,2024-03,244,-34.07447540983607,-59.589,-5.62
Madhya Pradesh,PANNA,2024-04,232,-35.12783620689655,-59.385,-7.67
Madhya Pradesh,PANNA,2024-05,236,-26.97741101694915,-57.016,0.0
Madhya Pradesh,PANNA,2024-06,228,-35.82780701754386,-56.954,0.0
Madhya Pradesh,PANNA,2024-07,248,-29.99423387096774,-56.95,-1.32
Madhya Pradesh,PANNA,2024-08,216,-32.953657407407405,-56.98,0.12
Madhya Pradesh,PANNA,2024-09,228,-30.627543859649123,-57.0,-0.45
Madhya Pradesh,PANNA,2024-10,240,-30.840125,-57.04,-1.21
Madhya Pradesh,PANNA,2024-11,208,-29.55475961538462,-57.07,-3.32
Madhya Pradesh,PANNA,2024-12,157,-28.507707006369426,-64.43,-4.78
Madhya Pradesh,PANNA,2025-01,217,-34.31442396313364,-80.2,-4.49
Madhya Pradesh,PANNA,2025-02,118,-31.183813559322033,-91.89,-8.06
Madhya Pradesh,PANNA,2025-03,244,-48.49241803278689,-93.53,-12.73
Madhya Pradesh,PANNA,2025-04,169,-35.650236686390535,-57.04,-12.61
Madhya Pradesh,PANNA,2025-05,176,-38.151818181818186,-57.01,-13.61
Madhya Pradesh,PANNA,2025-06,160,-29.50875,-56.98,-0.86
Madhya Pradesh,PANNA,2025-07,120,-12.172416666666667,-56.92,0.43
Madhya Pradesh,PANNA,2025-08,166,-30.331825301204816,-57.02,0.09
Madhya Pradesh,PANNA,2025-09,161,-30.634515527950313,-57.034,-1.245
Madhya Pradesh,PANNA,2025-10,225,-30.512075555555555,-57.156,-3.281
Madhya Pradesh,PANNA,2025-11,96,-16.648229166666667,-57.148,-3.268
Madhya Pradesh,PANNA,2025-12,81,-5.289753086419753,-5.923,-4.601
Madhya Pradesh,RAJGARH,2023-05,49,-8.687755102040816,-10.07,-7.24
Madhya Pradesh,RAJGARH,2023-06,160,-8.903812499999999,-10.4,-7.33
Madhya Pradesh,RAJGARH,2023-07,240,-7.859375,-10.4,-4.77
Madhya Pradesh,RAJGARH,2023-08,248,-6.3970161290322585,-8.31,-4.34
Madhya Pradesh,RAJGARH,2023-09,216,-5.071157407407407,-8.27,-1.77
Madhya Pradesh,RAJGARH,2023-10,231,-4.493376623376624,-7.47,-2.44
Madhya Pradesh,RAJGARH,2023-11,336,-7.034166666666667,-8.84,-4.63
Madhya Pradesh,RAJGARH,2023-12,360,-7.499,-9.06,-4.79
Madhya Pradesh,RAJGARH,2024-01,372,-8.04255376344086,-10.07,-5.45
Madhya Pradesh,RAJGARH,2024-02,336,-8.470744047619048,-10.07,-5.97
Madhya Pradesh,RAJGARH,2024-03,372,-8.664543010752688,-10.07,-6.18
Madhya Pradesh,RAJGARH,2024-04,336,-9.027619047619048,-10.08,-6.87
Madhya Pradesh,RAJGARH,2024-05,352,-9.339801136363636,-10.48,-7.39
Madhya Pradesh,RAJGARH,2024-06,344,-9.564418604651163,-10.68,-7.87
Madhya Pradesh,RAJGARH,2024-07,368,-8.996576086956521,-10.68,-4.05
Madhya Pradesh,RAJGARH,2024-08,316,-4.153417721518988,-10.1,-1.01
Madhya Pradesh,RAJGARH,2024-09,332,-2.8375602409638554,-5.58,-0.57
Madhya Pradesh,RAJGARH,2024-10,345,-3.353246376811594,-5.6,-1.19
Madhya Pradesh,RAJGARH,2024-11,327,-5.357737003058104,-7.72,-3.09
Madhya Pradesh,RAJGARH,2024-12,283,-6.558339222614841,-8.36,-4.28
Madhya Pradesh,RAJGARH,2025-01,348,-7.1545689655172415,-8.73,-4.89
Madhya Pradesh,RAJGARH,2025-02,257,-7.915019455252919,-9.51,-5.55
Madhya Pradesh,RAJGARH,2025-03,209,-8.915693779904307,-10.13,-6.47
Madhya Pradesh,RAJGARH,2025-04,265,-9.463045283018868,-10.32,-7.183
Madhya Pradesh,RAJGARH,2025-05,256,-9.53753125,-10.59,-7.627
Madhya Pradesh,RAJGARH,2025-06,299,-9.35223745819398,-10.52,-6.966
Madhya Pradesh,RAJGARH,2025-07,286,-4.766762237762238,-9.73,-0.515
Madhya Pradesh,RAJGARH,2025-08,264,-2.558587121212121,-4.63,-0.607
Madhya Pradesh,RAJGARH,2025-09,249,-1.883871485943775,-4.43,-0.735
Madhya Pradesh,RAJGARH,2025-10,326,-3.6049907975460127,-5.68,-2.078
Madhya Pradesh,RAJGARH,2025-11,221,-5.187769230769231,-6.86,-3.037
Madhya Pradesh,RAJGARH,2025-12,255,-6.617988235294118,-8.73,-4.314
Madhya Pradesh,RATLAM,2023-07,286,-23.939895104895108,-50.04,-0.75
Madhya Pradesh,RATLAM,2023-08,466,-10.305922746781116,-49.32,-0.71
Madhya Pradesh,RATLAM,2023-09,445,-4.475820224719101,-14.39,-0.48
Madhya Pradesh,RATLAM,2023-10,508,-4.568011811023623,-10.75,-1.1
Madhya Pradesh,RATLAM,2023-11,784,-9.13563775510204,-26.37,-1.76
Madhya Pradesh,RATLAM,2023-12,884,-9.701477375565611,-24.16,-0.648
Madhya Pradesh,RATLAM,2024-01,1084,-13.337002767527675,-38.85,-0.724
Madhya Pradesh,RATLAM,2024-02,1012,-19.474295454545455,-50.53,-0.648
Madhya Pradesh,RATLAM,2024-03,1120,-21.16413035714286,-50.15,-0.648
Madhya Pradesh,RATLAM,2024-04,1016,-22.7460344488189,-50.17,-0.724
Madhya Pradesh,RATLAM,2024-05,1064,-22.73163063909774,-50.36,1.0
Madhya Pradesh,RATLAM,2024-06,1048,-23.21643606870229,-50.41,0.0
Madhya Pradesh,RATLAM,2024-07,1100,-21.835354545454546,-50.45,-0.648
Madhya Pradesh,RATLAM,2024-08,980,-11.993542857142858,-49.82,-0.029
Madhya Pradesh,RATLAM,2024-09,1009,-3.7294568880079284,-15.45,-0.229
Madhya Pradesh,RATLAM,2024-10,1037,-3.8733269045323047,-34.25,-0.001
Madhya Pradesh,RATLAM,2024-11,847,-6.166070838252657,-31.24,22.755
Madhya Pradesh,RATLAM,2024-12,668,-13.127134730538922,-38.89,-1.051
Madhya Pradesh,RATLAM,2025-01,914,-17.881251641137855,-46.871,-2.05
Madhya Pradesh,RATLAM,2025-02,621,-23.827780998389695,-73.154,-3.5
Madhya Pradesh,RATLAM,2025-03,956,-29.44113493723849,-79.48,-4.48
Madhya Pradesh,RATLAM,2025-04,764,-29.341502617801048,-83.095,-4.295
Madhya Pradesh,RATLAM,2025-05,704,-26.353617897727272,-81.691,-3.1
Madhya Pradesh,RATLAM,2025-06,773,-26.60803751617076,-74.609,3.65
Madhya Pradesh,RATLAM,2025-07,779,-18.204211810012836,-49.9,6.02
Madhya Pradesh,RATLAM,2025-08,678,-10.118268436578171,-49.37,0.936
Madhya Pradesh,RATLAM,2025-09,568,-4.707362676056339,-22.81,0.47
Madhya Pradesh,RATLAM,2025-10,758,-4.466385224274406,-12.08,7.19
Madhya Pradesh,RATLAM,2025-11,383,-4.695574412532637,-10.48,7.82
Madhya Pradesh,RATLAM,2025-12,531,-6.883915254237288,-39.83,5.55
Madhya Pradesh,REWA,2023-10,31,-10.269677419354839,-12.92,-7.68
Madhya Pradesh,REWA,2023-11,112,-11.719642857142857,-15.83,-8.73
Madhya Pradesh,REWA,2023-12,120,-8.484166666666667,-13.31,-5.21
Madhya Pradesh,REWA,2024-01,124,-11.470806451612905,-17.48,-6.44
Madhya Pradesh,REWA,2024-02,112,-8.794732142857143,-17.92,-3.63
Madhya Pradesh,REWA,2024-03,124,-5.48024193548387,-9.29,-3.05
Madhya Pradesh,REWA,2024-04,112,-5.880089285714286,-8.2,-4.71
Madhya Pradesh,REWA,2024-05,116,-7.895344827586207,-10.2,-6.49
Madhya Pradesh,REWA,2024-06,116,-9.329137931034483,-12.28,-7.17
Madhya Pradesh,REWA,2024-07,120,-8.383333333333333,-14.54,-4.93
Madhya Pradesh,REWA,2024-08,108,-3.0456481481481483,-8.42,-1.85
Madhya Pradesh,REWA,2024-09,108,-4.22675925925926,-8.04,-2.11
Madhya Pradesh,REWA,2024-10,116,-7.0039655172413795,-10.78,-3.48
Madhya Pradesh,REWA,2024-11,108,-9.090277777777779,-14.95,-5.16
Madhya Pradesh,REWA,2024-12,93,-13.75268817204301,-17.68,-10.98
Madhya Pradesh,REWA,2025-01,116,-12.562068965517241,-19.88,-5.85
Madhya Pradesh,REWA,2025-02,87,-22.233793103448274,-24.57,-17.85
Madhya Pradesh,REWA,2025-03,120,-20.533916666666666,-26.85,-11.32
Madhya Pradesh,REWA,2025-04,96,-7.694791666666667,-12.7,7.58
Madhya Pradesh,REWA,2025-05,84,-9.795595238095238,-11.16,-8.29
Madhya Pradesh,REWA,2025-06,94,-9.536595744680852,-12.41,-5.92
Madhya Pradesh,REWA,2025-07,95,-3.238210526315789,-6.88,-1.33
Madhya Pradesh,REWA,2025-08,90,-1.4382222222222223,-5.6,0.24
Madhya Pradesh,REWA,2025-09,71,-1.7563380281690142,-4.24,-0.85
Madhya Pradesh,REWA,2025-10,90,-1.832111111111111,-4.06,-0.74
Madhya Pradesh,REWA,2025-11,58,-2.3417241379310343,-4.63,-1.05
Madhya Pradesh,REWA,2025-12,73,-7.76013698630137,-9.67,-4.74
Madhya Pradesh,SAGAR,2023-10,107,-10.517383177570093,-12.55,-8.71
Madhya Pradesh,SAGAR,2023-11,313,-12.670287539936103,-13.62,-10.49
Madhya Pradesh,SAGAR,2023-12,319,-13.813072100313478,-16.33,-12.8
Madhya Pradesh,SAGAR,2024-01,554,-32.079402527075814,-97.04,0.0
Madhya Pradesh,SAGAR,2024-02,568,-35.17977288732394,-97.04,0.0
Madhya Pradesh,SAGAR,2024-03,621,-35.318761674718196,-97.04,-13.85
Madhya Pradesh,SAGAR,2024-04,576,-36.611505208333334,-97.04,-1.0
Madhya Pradesh,SAGAR,2024-05,604,-37.2868559602649,-97.04,0.0
Madhya Pradesh,SAGAR,2024-06,584,-40.80284075342466,-97.04,0.0
Madhya Pradesh,SAGAR,2024-07,608,-34.99669407894737,-97.04,1.0
Madhya Pradesh,SAGAR,2024-08,548,-29.092244525547443,-97.04,-1.0
Madhya Pradesh,SAGAR,2024-09,556,-24.589838129496403,-97.04,-3.4
Madhya Pradesh,SAGAR,2024-10,600,-24.903466666666667,-97.04,-3.46
Madhya Pradesh,SAGAR,2024-11,545,-26.046095412844036,-86.633,-7.38
Madhya Pradesh,SAGAR,2024-12,426,-27.441598591549294,-89.94,-12.83
Madhya Pradesh,SAGAR,2025-01,554,-28.435774368231048,-91.239,1.0
Madhya Pradesh,SAGAR,2025-02,375,-24.127399999999998,-93.541,1.0
Madhya Pradesh,SAGAR,2025-03,601,-22.12741430948419,-98.518,87.54
Madhya Pradesh,SAGAR,2025-04,456,-31.21076754385965,-102.225,65.27
Madhya Pradesh,SAGAR,2025-05,445,-35.89465842696629,-102.342,1.0
Madhya Pradesh,SAGAR,2025-06,456,-22.731504385964914,-101.659,42.65
Madhya Pradesh,SAGAR,2025-07,391,1.1081713554987211,-87.509,101.57
Madhya Pradesh,SAGAR,2025-08,432,-14.990474537037038,-87.981,101.5
Madhya Pradesh,SAGAR,2025-09,387,-22.07690439276486,-86.1,-1.484
Madhya Pradesh,SAGAR,2025-10,524,-22.745795801526718,-87.261,1.0
Madhya Pradesh,SAGAR,2025-11,259,-17.89318532818533,-85.741,-6.51
Madhya Pradesh,SAGAR,2025-12,253,-13.188418972332016,-17.6,-9.36
Madhya Pradesh,SATNA,2023-10,33,-11.884848484848485,-14.02,-9.54
Madhya Pradesh,SATNA,2023-11,120,-17.428166666666666,-21.36,-11.75
Madhya Pradesh,SATNA,2023-12,124,-15.85475806451613,-21.3,-1.0
Madhya Pradesh,SATNA,2024-01,125,-21.98056,-32.34,-1.0
Madhya Pradesh,SATNA,2024-02,233,-36.12463519313305,-45.23,-31.18
Madhya Pradesh,SATNA,2024-03,290,-37.83224137931035,-65.08,-31.32
Madhya Pradesh,SATNA,2024-04,305,-39.2262131147541,-52.71,-31.38
Madhya Pradesh,SATNA,2024-05,248,-38.017250000000004,-47.33,0.0
Madhya Pradesh,SATNA,2024-06,287,-39.49913240418118,-49.23,0.0
Madhya Pradesh,SATNA,2024-07,348,-26.577758620689654,-46.93,-1.0
Madhya Pradesh,SATNA,2024-08,336,-12.817440476190475,-25.17,-1.0
Madhya Pradesh,SATNA,2024-09,344,-12.896813953488373,-27.12,-2.8
Madhya Pradesh,SATNA,2024-10,265,-17.550369811320756,-31.84,1.0
Madhya Pradesh,SATNA,2024-11,219,-15.636575342465752,-33.68,1.0
Madhya Pradesh,SATNA,2024-12,153,-16.536732026143792,-34.81,1.0
Madhya Pradesh,SATNA,2025-01,210,-16.790285714285716,-34.77,1.0
Madhya Pradesh,SATNA,2025-02,117,-29.65271794871795,-35.57,1.0
Madhya Pradesh,SATNA,2025-03,244,-23.184467213114754,-35.67,1.0
Madhya Pradesh,SATNA,2025-04,208,-26.224014423076923,-39.07,1.0
Madhya Pradesh,SATNA,2025-05,276,-17.592072463768115,-39.67,26.547
Madhya Pradesh,SATNA,2025-06,168,-26.034857142857142,-37.6,26.539
Madhya Pradesh,SATNA,2025-07,89,-25.612449438202244,-34.77,-6.84
Madhya Pradesh,SATNA,2025-08,112,-10.6335,-28.451,-1.482
Madhya Pradesh,SATNA,2025-09,160,-4.89955,-176.552,1.0
Madhya Pradesh,SATNA,2025-10,176,-12.581835227272727,-33.781,90.082
Madhya Pradesh,SATNA,2025-11,118,-10.13142372881356,-70.394,1.0
Madhya Pradesh,SATNA,2025-12,2,-4.528499999999999,-5.1,-3.957
Madhya Pradesh,SEHORE,2023-05,54,-16.531666666666666,-25.23,-10.11
Madhya Pradesh,SEHORE,2023-06,160,-18.2310625,-27.06,-10.24
Madhya Pradesh,SEHORE,2023-07,240,-14.317125,-24.24,-8.55
Madhya Pradesh,SEHORE,2023-08,248,-11.769193548387097,-15.97,-7.8
Madhya Pradesh,SEHORE,2023-09,220,-11.285727272727273,-15.19,-6.89
Madhya Pradesh,SEHORE,2023-10,221,-10.383484162895927,-13.66,-7.0
Madhya Pradesh,SEHORE,2023-11,224,-11.746785714285716,-18.24,-7.22
Madhya Pradesh,SEHORE,2023-12,236,-14.068813559322033,-21.03,-7.97
Madhya Pradesh,SEHORE,2024-01,205,-17.998975609756098,-28.94,-8.53
Madhya Pradesh,SEHORE,2024-02,199,-23.634422110552762,-36.88,-9.18
Madhya Pradesh,SEHORE,2024-03,225,-22.942355555555555,-35.99,-9.44
Madhya Pradesh,SEHORE,2024-04,136,-30.132720588235294,-36.19,-9.99
Madhya Pradesh,SEHORE,2024-05,214,-23.59714953271028,-37.04,-10.49
Madhya Pradesh,SEHORE,2024-06,232,-23.630862068965516,-37.91,-10.97
Madhya Pradesh,SEHORE,2024-07,240,-17.41916666666667,-37.79,-8.72
Madhya Pradesh,SEHORE,2024-08,204,-9.395343137254903,-12.52,-6.09
Madhya Pradesh,SEHORE,2024-09,212,-8.369103773584905,-11.11,-5.87
Madhya Pradesh,SEHORE,2024-10,232,-7.8974568965517244,-9.84,-6.15
Madhya Pradesh,SEHORE,2024-11,208,-9.274807692307693,-13.19,-6.94
Madhya Pradesh,SEHORE,2024-12,190,-10.93615789473684,-17.09,-7.8
Madhya Pradesh,SEHORE,2025-01,232,-12.508189655172414,-16.99,-8.35
Madhya Pradesh,SEHORE,2025-02,174,-14.24448275862069,-23.24,-8.92
Madhya Pradesh,SEHORE,2025-03,240,-15.556208333333332,-23.25,-9.34
Madhya Pradesh,SEHORE,2025-04,186,-16.46,-35.04,-9.94
Madhya Pradesh,SEHORE,2025-05,161,-18.113167701863354,-35.74,-10.77
Madhya Pradesh,SEHORE,2025-06,101,-11.391485148514851,-11.57,-11.2
Madhya Pradesh,SEHORE,2025-07,98,-10.227244897959183,-11.62,-8.14
Madhya Pradesh,SEHORE,2025-08,123,-8.078138211382115,-10.357,-7.19
Madhya Pradesh,SEHORE,2025-09,162,-6.831592592592593,-8.563,-4.16
Madhya Pradesh,SEHORE,2025-10,217,-6.30047465437788,-9.701,-4.42
Madhya Pradesh,SEHORE,2025-11,109,-6.477385321100917,-8.17,-5.91
Madhya Pradesh,SEHORE,2025-12,175,-8.437,-10.252,-6.99
Madhya Pradesh,SEONI,2023-10,9,-2.7444444444444445,-2.92,-2.62
Madhya Pradesh,SEONI,2023-11,116,-3.2417241379310346,-3.79,-2.72
Madhya Pradesh,SEONI,2023-12,116,-3.172844827586207,-3.67,-2.9
Madhya Pradesh,SEONI,2024-01,124,-3.678790322580645,-3.99,-3.4
Madhya Pradesh,SEONI,2024-02,112,-3.838214285714286,-4.19,-3.55
Madhya Pradesh,SEONI,2024-03,124,-4.080887096774194,-4.43,-3.72
Madhya Pradesh,SEONI,2024-04,112,-4.378303571428572,-4.81,-4.04
Madhya Pradesh,SEONI,2024-05,120,-4.750166666666667,-5.45,-4.34
Madhya Pradesh,SEONI,2024-06,116,-4.805172413793104,-5.5,-3.81
Madhya Pradesh,SEONI,2024-07,120,-2.3561666666666667,-4.02,-1.34
Madhya Pradesh,SEONI,2024-08,112,-1.600982142857143,-1.96,-1.42
Madhya Pradesh,SEONI,2024-09,108,-1.7203703703703705,-2.02,-1.35
Madhya Pradesh,SEONI,2024-10,116,-2.1037068965517243,-2.86,-1.59
Madhya Pradesh,SEONI,2024-11,108,-2.9873148148148148,-3.48,-2.53
Madhya Pradesh,SEONI,2024-12,97,-3.652783505154639,-4.04,-3.28
Madhya Pradesh,SEONI,2025-01,116,-4.107327586206896,-4.46,-3.75
Madhya Pradesh,SEONI,2025-02,87,-4.503103448275862,-4.85,-4.24
Madhya Pradesh,SEONI,2025-03,120,-5.08125,-5.56,-4.65
Madhya Pradesh,SEONI,2025-04,100,-5.4575,-5.77,-5.12
Madhya Pradesh,SEONI,2025-05,88,-5.77625,-6.18,-5.46
Madhya Pradesh,SEONI,2025-06,101,-5.913960396039603,-6.8,-5.36
Madhya Pradesh,SEONI,2025-07,98,-3.449081632653061,-5.47,-2.16
Madhya Pradesh,SEONI,2025-08,86,-2.2103488372093025,-2.74,-1.82
Madhya Pradesh,SEONI,2025-09,80,-1.783375,-2.91,-1.45
Madhya Pradesh,SEONI,2025-10,110,-1.9793636363636362,-2.46,-1.64
Madhya Pradesh,SEONI,2025-11,71,-2.544788732394366,-3.08,-2.09
Madhya Pradesh,SEONI,2025-12,99,-3.4175757575757575,-3.91,-2.86
Madhya Pradesh,SHAHDOL,2023-10,31,-11.299354838709677,-11.32,-11.27
Madhya Pradesh,SHAHDOL,2023-11,112,-11.366249999999999,-11.43,-11.25
Madhya Pradesh,SHAHDOL,2023-12,120,-11.508333333333333,-11.63,-11.42
Madhya Pradesh,SHAHDOL,2024-01,124,-11.746612903225806,-11.96,-11.62
Madhya Pradesh,SHAHDOL,2024-02,112,-12.157232142857142,-12.31,-11.96
Madhya Pradesh,SHAHDOL,2024-03,120,-12.415166666666666,-12.57,-12.31
Madhya Pradesh,SHAHDOL,2024-04,116,-12.86698275862069,-13.1,-12.58
Madhya Pradesh,SHAHDOL,2024-05,120,-13.3235,-13.52,-13.1
Madhya Pradesh,SHAHDOL,2024-06,116,-13.722241379310345,-13.84,-13.53
Madhya Pradesh,SHAHDOL,2024-07,120,-13.908416666666666,-13.97,-13.84
Madhya Pradesh,SHAHDOL,2024-08,112,-12.450446428571428,-13.99,-9.02
Madhya Pradesh,SHAHDOL,2024-09,108,-12.007037037037037,-12.65,-9.39
Madhya Pradesh,SHAHDOL,2024-10,116,-11.622586206896552,-11.96,-11.38
Madhya Pradesh,SHAHDOL,2024-11,104,-11.489134615384616,-11.68,-11.4
Madhya Pradesh,SHAHDOL,2024-12,92,-11.837717391304347,-12.11,-11.68
Madhya Pradesh,SHAHDOL,2025-01,93,-12.063440860215055,-12.34,-11.94
Madhya Pradesh,SHAHDOL,2025-02,69,-12.56391304347826,-12.72,-12.41
Madhya Pradesh,SHAHDOL,2025-03,124,-12.844354838709679,-12.96,-12.65
Madhya Pradesh,SHAHDOL,2025-04,79,-13.161012658227849,-13.58,-12.97
Madhya Pradesh,SHAHDOL,2025-05,83,-13.61289156626506,-13.77,-13.48
Madhya Pradesh,SHAHDOL,2025-06,88,-14.114431818181817,-14.32,-13.77
Madhya Pradesh,SHAHDOL,2025-07,89,-13.90011235955056,-14.21,-13.3
Madhya Pradesh,SHAHDOL,2025-08,90,-13.435555555555556,-13.71,-12.02
Madhya Pradesh,SHAHDOL,2025-09,84,-12.811309523809525,-13.02,-12.06
Madhya Pradesh,SHAHDOL,2025-10,103,-11.334174757281554,-12.04,-10.64
Madhya Pradesh,SHAHDOL,2025-11,63,-10.342698412698413,-10.63,-10.27
Madhya Pradesh,SHAHDOL,2025-12,78,-10.387948717948717,-10.56,-10.27
Madhya Pradesh,SHAJAPUR,2023-10,29,-7.888965517241379,-8.12,-7.72
Madhya Pradesh,SHAJAPUR,2023-11,112,-13.964107142857143,-18.94,-8.13
Madhya Pradesh,SHAJAPUR,2023-12,120,-21.337,-23.85,-18.81
Madhya Pradesh,SHAJAPUR,2024-01,124,-23.303467741935485,-25.51,-21.51
Madhya Pradesh,SHAJAPUR,2024-02,112,-26.34035714285714,-26.91,-25.57
Madhya Pradesh,SHAJAPUR,2024-03,124,-24.218064516129033,-26.52,-22.22
Madhya Pradesh,SHAJAPUR,2024-04,112,-20.83205357142857,-22.2,-19.69
Madhya Pradesh,SHAJAPUR,2024-05,116,-18.80784482758621,-19.68,-18.14
Madhya Pradesh,SHAJAPUR,2024-06,116,-17.682672413793103,-18.14,-17.18
Madhya Pradesh,SHAJAPUR,2024-07,124,-13.577822580645162,-17.19,0.35
Madhya Pradesh,SHAJAPUR,2024-08,96,-0.29052083333333334,-8.29,0.28
Madhya Pradesh,SHAJAPUR,2024-09,112,-0.8480357142857143,-6.87,0.45
Madhya Pradesh,SHAJAPUR,2024-10,116,-2.3019827586206896,-6.58,1.0
Madhya Pradesh,SHAJAPUR,2024-11,112,-13.610714285714286,-22.47,-6.23
Madhya Pradesh,SHAJAPUR,2024-12,85,-25.55023529411765,-27.45,-22.57
Madhya Pradesh,SHAJAPUR,2025-01,115,-28.516373913043477,-29.091,-27.96
Madhya Pradesh,SHAJAPUR,2025-02,79,-29.399240506329114,-29.627,-29.179
Madhya Pradesh,SHAJAPUR,2025-03,116,-29.69798275862069,-29.832,-29.573
Madhya Pradesh,SHAJAPUR,2025-04,104,-29.846711538461538,-29.931,-29.752
Madhya Pradesh,SHAJAPUR,2025-05,88,-29.105579545454546,-29.775,-28.337
Madhya Pradesh,SHAJAPUR,2025-06,97,-27.19481443298969,-28.341,-26.066
Madhya Pradesh,SHAJAPUR,2025-07,94,-25.00576595744681,-26.08,-23.556
Madhya Pradesh,SHAJAPUR,2025-08,89,-21.71287640449438,-23.551,-19.246
Madhya Pradesh,SHAJAPUR,2025-09,80,-9.1582375,-18.602,0.179
Madhya Pradesh,SHAJAPUR,2025-10,104,-4.930346153846154,-9.547,-0.082
Madhya Pradesh,SHAJAPUR,2025-11,67,-16.152626865671643,-23.155,-9.044
Madhya Pradesh,SHAJAPUR,2025-12,96,-26.485885416666665,-28.1,-24.119
Madhya Pradesh,SHIVPURI,2023-04,30,-12.703333333333335,-15.68,-10.15
Madhya Pradesh,SHIVPURI,2023-05,234,-13.010683760683762,-16.34,-9.24
Madhya Pradesh,SHIVPURI,2023-06,160,-13.230125000000001,-16.71,-4.99
Madhya Pradesh,SHIVPURI,2023-07,244,-7.9672950819672135,-16.6,-1.43
Madhya Pradesh,SHIVPURI,2023-08,248,-4.619233870967742,-9.75,-0.93
Madhya Pradesh,SHIVPURI,2023-09,220,-3.2995454545454543,-6.73,-0.52
Madhya Pradesh,SHIVPURI,2023-10,286,-4.290909090909091,-10.35,-0.75
Madhya Pradesh,SHIVPURI,2023-11,669,-7.266786248131539,-11.33,-2.26
Madhya Pradesh,SHIVPURI,2023-12,695,-8.626201438848922,-11.95,-4.21
Madhya Pradesh,SHIVPURI,2024-01,1460,-9.74775890410959,-20.91,0.0
Madhya Pradesh,SHIVPURI,2024-02,1708,-10.348572014051523,-20.91,-1.0
Madhya Pradesh,SHIVPURI,2024-03,1918,-10.840603232533889,-44.93,0.0
Madhya Pradesh,SHIVPURI,2024-04,1780,-12.49119382022472,-46.92,0.0
Madhya Pradesh,SHIVPURI,2024-05,1772,-11.058010722347628,-20.91,0.0
Madhya Pradesh,SHIVPURI,2024-06,1776,-12.030059684684684,-52.16,0.0
Madhya Pradesh,SHIVPURI,2024-07,1824,-9.771012061403509,-46.48,-1.0
Madhya Pradesh,SHIVPURI,2024-08,1620,-8.93541913580247,-52.16,-0.29
Madhya Pradesh,SHIVPURI,2024-09,1593,-6.56197237915882,-20.91,0.32
Madhya Pradesh,SHIVPURI,2024-10,1522,-7.518115637319317,-20.91,0.0
Madhya Pradesh,SHIVPURI,2024-11,926,-7.796524838012959,-16.033,1.0
Madhya Pradesh,SHIVPURI,2024-12,710,-9.476895774647888,-21.376,1.0
Madhya Pradesh,SHIVPURI,2025-01,916,-10.471907205240175,-25.389,1.0
Madhya Pradesh,SHIVPURI,2025-02,676,-13.392745562130177,-37.525,1.0
Madhya Pradesh,SHIVPURI,2025-03,1282,-15.200393135725427,-43.108,1.0
Madhya Pradesh,SHIVPURI,2025-04,1040,-16.21346923076923,-43.569,1.0
Madhya Pradesh,SHIVPURI,2025-05,991,-16.638034308779012,-42.918,-3.3
Madhya Pradesh,SHIVPURI,2025-06,966,-15.881353002070394,-42.732,1.0
Madhya Pradesh,SHIVPURI,2025-07,836,-5.870938995215311,-17.565,1.0
Madhya Pradesh,SHIVPURI,2025-08,893,-5.74568868980963,-14.37,1.0
Madhya Pradesh,SHIVPURI,2025-09,798,-5.149305764411027,-12.898,1.0
Madhya Pradesh,SHIVPURI,2025-10,957,-6.735462904911181,-13.835,-1.837
Madhya Pradesh,SHIVPURI,2025-11,283,-6.489137809187279,-13.245,-1.916
Madhya Pradesh,SHIVPURI,2025-12,197,-7.765213197969543,-10.896,-4.05
Madhya Pradesh,SIDHI,2023-10,31,-13.935483870967742,-14.16,-13.71
Madhya Pradesh,SIDHI,2023-11,112,-13.467946428571429,-14.45,-13.03
Madhya Pradesh,SIDHI,2023-12,120,-15.183416666666666,-16.02,-14.47
Madhya Pradesh,SIDHI,2024-01,124,-16.95975806451613,-17.48,-16.05
Madhya Pradesh,SIDHI,2024-02,112,-17.370625,-17.63,-17.08
Madhya Pradesh,SIDHI,2024-03,124,-17.378790322580645,-17.79,-16.98
Madhya Pradesh,SIDHI,2024-04,112,-17.71517857142857,-17.89,-17.62
Madhya Pradesh,SIDHI,2024-05,108,-18.17648148148148,-18.5,-17.9
Madhya Pradesh,SIDHI,2024-06,116,-18.776379310344826,-19.09,-18.5
Madhya Pradesh,SIDHI,2024-07,124,-18.85967741935484,-19.25,-17.98
Madhya Pradesh,SIDHI,2024-08,116,-13.596034482758622,-17.94,-9.23
Madhya Pradesh,SIDHI,2024-09,112,-8.571517857142856,-9.18,-7.88
Madhya Pradesh,SIDHI,2024-10,116,-8.612068965517242,-9.14,-7.82
Madhya Pradesh,SIDHI,2024-11,108,-10.04675925925926,-12.67,-8.9
Madhya Pradesh,SIDHI,2024-12,93,-14.428064516129032,-15.19,-12.73
Madhya Pradesh,SIDHI,2025-01,116,-16.07862068965517,-16.52,-15.22
Madhya Pradesh,SIDHI,2025-02,83,-17.16132530120482,-17.57,-16.62
Madhya Pradesh,SIDHI,2025-03,120,-17.885916666666667,-18.09,-17.57
Madhya Pradesh,SIDHI,2025-04,81,-17.68111111111111,-17.79,-17.63
Madhya Pradesh,SIDHI,2025-05,76,-18.023026315789473,-18.17,-17.77
Madhya Pradesh,SIDHI,2025-06,102,-18.35450980392157,-18.6,-18.17
Madhya Pradesh,SIDHI,2025-07,94,-14.600531914893617,-18.48,-10.64
Madhya Pradesh,SIDHI,2025-08,85,-9.697294117647058,-10.71,-8.99
Madhya Pradesh,SIDHI,2025-09,86,-10.047558139534884,-10.91,-7.89
Madhya Pradesh,SIDHI,2025-10,104,-7.4586538461538465,-8.19,-6.93
Madhya Pradesh,SIDHI,2025-11,48,-7.987291666666667,-8.62,-7.49
Madhya Pradesh,SIDHI,2025-12,64,-11.0296875,-12.09,-9.05
Madhya Pradesh,SINGRAULI,2023-10,70,-11.991428571428571,-14.51,-8.77
Madhya Pradesh,SINGRAULI,2023-11,224,-11.728705357142857,-15.57,-8.77
Madhya Pradesh,SINGRAULI,2023-12,240,-12.384291666666666,-15.79,-8.94
Madhya Pradesh,SINGRAULI,2024-01,248,-12.58266129032258,-15.85,-9.18
Madhya Pradesh,SINGRAULI,2024-02,224,-12.588214285714287,-15.64,-9.53
Madhya Pradesh,SINGRAULI,2024-03,244,-12.855491803278689,-15.78,-9.84
Madhya Pradesh,SINGRAULI,2024-04,220,-13.213636363636363,-16.21,-10.24
Madhya Pradesh,SINGRAULI,2024-05,236,-13.522372881355931,-16.26,-10.67
Madhya Pradesh,SINGRAULI,2024-06,224,-13.787455357142857,-16.31,-11.13
Madhya Pradesh,SINGRAULI,2024-07,244,-13.754262295081967,-16.32,-11.13
Madhya Pradesh,SINGRAULI,2024-08,212,-11.325094339622641,-15.97,-8.41
Madhya Pradesh,SINGRAULI,2024-09,220,-10.202227272727272,-14.09,-5.91
Madhya Pradesh,SINGRAULI,2024-10,236,-10.212796610169491,-15.26,-5.72
Madhya Pradesh,SINGRAULI,2024-11,216,-11.006666666666668,-15.64,-6.16
Madhya Pradesh,SINGRAULI,2024-12,190,-11.318526315789473,-15.69,-6.99
Madhya Pradesh,SINGRAULI,2025-01,232,-11.673275862068964,-15.46,-7.74
Madhya Pradesh,SINGRAULI,2025-02,174,-12.042931034482757,-15.58,-8.35
Madhya Pradesh,SINGRAULI,2025-03,236,-12.287881355932203,-15.62,-8.83
Madhya Pradesh,SINGRAULI,2025-04,186,-12.519623655913978,-15.87,-9.39
Madhya Pradesh,SINGRAULI,2025-05,167,-13.132754491017964,-16.14,-9.88
Madhya Pradesh,SINGRAULI,2025-06,187,-13.480160427807487,-16.23,-10.41
Madhya Pradesh,SINGRAULI,2025-07,186,-11.620913978494622,-16.12,-8.19
Madhya Pradesh,SINGRAULI,2025-08,183,-8.29448087431694,-9.16,-6.65
Madhya Pradesh,SINGRAULI,2025-09,151,-7.478807947019868,-9.08,-6.31
Madhya Pradesh,SINGRAULI,2025-10,197,-7.800507614213198,-9.97,-6.03
Madhya Pradesh,SINGRAULI,2025-11,107,-8.687663551401869,-10.8,-6.17
Madhya Pradesh,SINGRAULI,2025-12,144,-9.153611111111111,-11.56,-6.83
Madhya Pradesh,TIKAMGARH,2024-01,472,-7.678798728813559,-11.93,-0.52
Madhya Pradesh,TIKAMGARH,2024-02,580,-7.254636206896552,-12.21,-0.67
Madhya Pradesh,TIKAMGARH,2024-03,622,-4.277657556270096,-13.02,-0.22
Madhya Pradesh,TIKAMGARH,2024-04,600,-4.38809,-13.89,0.0
Madhya Pradesh,TIKAMGARH,2024-05,620,-2.8352274193548386,-5.581,-0.01
Madhya Pradesh,TIKAMGARH,2024-06,600,-3.3529883333333332,-8.61,-0.52
Madhya Pradesh,TIKAMGARH,2024-07,622,-4.353258842443729,-13.83,-0.32
Madhya Pradesh,TIKAMGARH,2024-08,620,-3.0271016129032255,-4.99,0.0
Madhya Pradesh,TIKAMGARH,2024-09,600,-3.50624,-8.88,-0.01
Madhya Pradesh,TIKAMGARH,2024-10,620,-3.05013064516129,-4.99,-0.02
Madhya Pradesh,TIKAMGARH,2024-11,194,-3.727603092783505,-7.102,-1.145
Madhya Pradesh,TIKAMGARH,2024-12,119,-5.376386554621848,-8.461,-2.215
Madhya Pradesh,TIKAMGARH,2025-01,180,-6.335683333333334,-10.752,-1.965
Madhya Pradesh,TIKAMGARH,2025-02,153,-6.975241830065359,-12.175,3.904
Madhya Pradesh,TIKAMGARH,2025-03,326,-6.757957055214724,-13.538,3.967
Madhya Pradesh,TIKAMGARH,2025-04,225,-7.811484444444445,-14.821,4.008
Madhya Pradesh,TIKAMGARH,2025-05,220,-8.6333,-16.061,3.979
Madhya Pradesh,TIKAMGARH,2025-06,176,-9.700738636363637,-16.739,2.616
Madhya Pradesh,TIKAMGARH,2025-07,191,-4.0460942408376965,-11.454,-0.295
Madhya Pradesh,TIKAMGARH,2025-08,247,-3.132668016194332,-8.8,-0.364
Madhya Pradesh,TIKAMGARH,2025-09,191,-3.8184869109947646,-10.51,-0.429
Madhya Pradesh,TIKAMGARH,2025-10,257,-4.904093385214008,-12.373,-0.666
Madhya Pradesh,TIKAMGARH,2025-11,51,-5.812450980392157,-13.304,-1.949
Madhya Pradesh,UJJAIN,2023-05,97,-20.050515463917527,-50.0,-6.35
Madhya Pradesh,UJJAIN,2023-06,360,-20.28627777777778,-49.98,-5.36
Madhya Pradesh,UJJAIN,2023-07,488,-16.924877049180328,-49.96,1.0
Madhya Pradesh,UJJAIN,2023-08,496,-8.348669354838709,-49.39,-1.04
Madhya Pradesh,UJJAIN,2023-09,444,-5.062454954954955,-18.3,-0.24
Madhya Pradesh,UJJAIN,2023-10,575,-5.740173913043478,-19.99,-1.51
Madhya Pradesh,UJJAIN,2023-11,793,-9.079230769230769,-36.06,-2.41
Madhya Pradesh,UJJAIN,2023-12,828,-11.157548309178745,-43.78,-3.82
Madhya Pradesh,UJJAIN,2024-01,868,-13.101417050691245,-44.84,-4.75
Madhya Pradesh,UJJAIN,2024-02,784,-14.219987244897958,-47.47,1.0
Madhya Pradesh,UJJAIN,2024-03,860,-15.173732558139534,-49.52,1.0
Madhya Pradesh,UJJAIN,2024-04,792,-15.629103535353535,-49.94,-4.98
Madhya Pradesh,UJJAIN,2024-05,768,-15.709036458333332,-49.95,1.0
Madhya Pradesh,UJJAIN,2024-06,810,-15.807197530864197,-49.95,-4.47
Madhya Pradesh,UJJAIN,2024-07,844,-15.18473933649289,-49.94,-1.82
Madhya Pradesh,UJJAIN,2024-08,760,-10.10703947368421,-49.88,-0.47
Madhya Pradesh,UJJAIN,2024-09,705,-5.453007092198582,-16.17,-0.52
Madhya Pradesh,UJJAIN,2024-10,696,-5.3822126436781605,-13.59,-1.37
Madhya Pradesh,UJJAIN,2024-11,661,-7.420680786686837,-17.48,-2.59
Madhya Pradesh,UJJAIN,2024-12,573,-9.892739965095986,-28.01,1.0
Madhya Pradesh,UJJAIN,2025-01,692,-13.213395953757226,-43.85,-4.41
Madhya Pradesh,UJJAIN,2025-02,522,-14.702605363984675,-47.03,-4.68
Madhya Pradesh,UJJAIN,2025-03,716,-15.270893854748602,-49.45,1.0
Madhya Pradesh,UJJAIN,2025-04,573,-15.994223385689356,-50.59,-5.85
Madhya Pradesh,UJJAIN,2025-05,519,-15.617398843930637,-50.63,-4.97
Madhya Pradesh,UJJAIN,2025-06,610,-15.328180327868854,-50.67,-3.47
Madhya Pradesh,UJJAIN,2025-07,580,-14.608862068965516,-50.7,-1.2
Madhya Pradesh,UJJAIN,2025-08,548,-11.527098540145985,-49.38,-1.31
Madhya Pradesh,UJJAIN,2025-09,448,-6.838147321428571,-32.07,1.0
Madhya Pradesh,UJJAIN,2025-10,499,-2.4275350701402805,-8.01,1.0
Madhya Pradesh,UJJAIN,2025-11,300,-3.7052666666666663,-9.46,1.0
Madhya Pradesh,UJJAIN,2025-12,389,-5.333907455012853,-12.53,1.0
Madhya Pradesh,VIDISHA,2023-04,20,-13.0335,-16.72,-10.89
Madhya Pradesh,VIDISHA,2023-05,115,-13.087739130434782,-19.53,-10.53
Madhya Pradesh,VIDISHA,2023-06,80,-12.919749999999999,-19.93,-9.04
Madhya Pradesh,VIDISHA,2023-07,120,-7.795,-11.6,-4.54
Madhya Pradesh,VIDISHA,2023-08,124,-5.137822580645161,-7.01,-3.52
Madhya Pradesh,VIDISHA,2023-09,108,-5.944629629629629,-9.68,-4.69
Madhya Pradesh,VIDISHA,2023-10,112,-7.076607142857143,-10.14,-5.5
Madhya Pradesh,VIDISHA,2023-11,112,-8.585267857142856,-11.2,-6.75
Madhya Pradesh,VIDISHA,2023-12,120,-9.159249999999998,-11.96,-7.67
Madhya Pradesh,VIDISHA,2024-01,124,-10.519677419354839,-13.39,-8.88
Madhya Pradesh,VIDISHA,2024-02,112,-12.181785714285713,-16.61,-10.16
Madhya Pradesh,VIDISHA,2024-03,124,-13.399274193548386,-19.08,-11.35
Madhya Pradesh,VIDISHA,2024-04,108,-14.343796296296297,-19.54,-12.28
Madhya Pradesh,VIDISHA,2024-05,116,-15.545086206896553,-23.13,-12.84
Madhya Pradesh,VIDISHA,2024-06,116,-15.97051724137931,-23.17,-12.84
Madhya Pradesh,VIDISHA,2024-07,120,-11.9775,-17.88,-8.46
Madhya Pradesh,VIDISHA,2024-08,100,-5.544,-10.08,-3.79
Madhya Pradesh,VIDISHA,2024-09,108,-4.8032407407407405,-7.06,-3.43
Madhya Pradesh,VIDISHA,2024-10,116,-6.403275862068965,-10.19,-4.61
Madhya Pradesh,VIDISHA,2024-11,104,-7.730288461538462,-9.92,-6.49
Madhya Pradesh,VIDISHA,2024-12,97,-8.400618556701032,-11.49,-7.29
Madhya Pradesh,VIDISHA,2025-01,116,-8.918620689655173,-12.19,-7.92
Madhya Pradesh,VIDISHA,2025-02,87,-9.896896551724138,-12.2,-8.68
Madhya Pradesh,VIDISHA,2025-03,120,-11.085916666666666,-14.42,-9.65
Madhya Pradesh,VIDISHA,2025-04,81,-12.535679012345678,-16.31,-10.93
Madhya Pradesh,VIDISHA,2025-05,88,-13.508068181818182,-18.52,-12.01
Madhya Pradesh,VIDISHA,2025-06,97,-13.49082474226804,-18.29,-11.32
Madhya Pradesh,VIDISHA,2025-07,98,-8.10438775510204,-13.44,-3.42
Madhya Pradesh,VIDISHA,2025-08,89,-3.001797752808989,-5.42,5.63
Madhya Pradesh,VIDISHA,2025-09,81,14.785555555555558,-2.55,19.88
Madhya Pradesh,VIDISHA,2025-10,102,18.205196078431374,5.13,19.88
Madhya Pradesh,VIDISHA,2025-11,53,15.388301886792453,7.47,19.78
Madhya Pradesh,VIDISHA,2025-12,89,17.320786516853932,10.69,19.82
