State,District,Station,Observations,Average_Groundwater,Minimum_Groundwater,Maximum_Groundwater,Latitude,Longitude
Madhya Pradesh,AGAR MALWA,Biliya_2,1023,-16.568554252199416,-38.33,12.474,23.7681,75.7914
Madhya Pradesh,AGAR MALWA,Daabadiya,2245,-5.5038570155902,-14.674,-0.48,23.775793,76.005447
Madhya Pradesh,ALIRAJPUR,Aalirajpur(S)_1,2726,-4.498015407190022,-6.64,-1.49,22.2986,74.3536
Madhya Pradesh,ANUPPUR,Anuppur(S)_1,2780,-6.265341726618706,-10.72,1.0,23.1194,81.7006
Madhya Pradesh,ASHOK NAGAR,Ashoknagar( D),2705,-9.009730129390018,-14.82,-2.95,24.5633,77.7242
Madhya Pradesh,ASHOK NAGAR,Chanderi(D)_1,2491,-5.545915295062224,-14.23,1.0,24.7125,78.1364
Madhya Pradesh,BALAGHAT,Baihar(D)_1,2659,-5.111526889808198,-9.13,1.0,22.1042,80.5514
Madhya Pradesh,BALAGHAT,Damoh(S)_1,2678,-5.353237490664675,-8.95,-1.94,21.8964,80.7953
Madhya Pradesh,BARWANI,Anjad(D)_1,2006,-5.630344965104686,-9.75,-3.74,22.0408,75.0464
Madhya Pradesh,BETUL,Amla OW,2704,-5.388979289940828,-9.02,-0.8,21.9355,78.102
Madhya Pradesh,BETUL,Amla(D)_1,2672,-2.2754752994011973,-4.65,0.12,21.9236,78.1242
Madhya Pradesh,BETUL,Basinda OW,1340,-45.73457686567164,-46.911,-45.211,21.8624,77.335
Madhya Pradesh,BETUL,Betul(s),2116,-9.104002835538752,-21.531,1.0,21.9043,77.8878
Madhya Pradesh,BETUL,Bhainsdehi_1,2230,-81.24725605381165,-140.64,-47.064,21.6426,77.6293
Madhya Pradesh,BETUL,Dharagohan,1360,-44.50954926470588,-57.402,0.0,21.7996,77.2692
Madhya Pradesh,BETUL,Gawasen OW,156,-7.212717948717948,-7.262,-7.162,22.1839,77.4365
Madhya Pradesh,BHOPAL,Basantkunj,1586,-4.836813366960908,-21.62,1.0,23.19948,77.434435
Madhya Pradesh,BHOPAL,Berasia(D)_1,3163,-22.4248495099589,-48.712,-0.56,23.6211,77.4278
Madhya Pradesh,CHHATARPUR,Alipura_2,2082,-9.015557636887609,-20.27,1.0,25.16904,79.347688
Madhya Pradesh,CHHATARPUR,Bijawar(S)_1,2611,-13.119674454232095,-23.69,-1.66,24.6394,79.4817
Madhya Pradesh,CHHATARPUR,Bonkna,2612,-9.085784839203676,-22.07,-0.88,24.704221,79.343351
Madhya Pradesh,CHHATARPUR,Chhatarpur(S)_1,2675,-3.5718728971962617,-7.88,1.0,24.932200000000005,79.5864
Madhya Pradesh,CHHATARPUR,Futera kalan,2608,-35.780759202453986,-41.06,1.0,24.4867,79.31926
Madhya Pradesh,CHHATARPUR,Gaharwar OW,2138,-7.422836763330215,-10.759,1.0,24.8492585,79.42349092
Madhya Pradesh,CHHATARPUR,Ganj(S)_1,2689,-8.567924879137227,-12.59,1.0,24.7917,79.7953
Madhya Pradesh,CHHINDWARA,Bichhua(D)_1,2702,-17.20402294596595,-19.21,-8.34,21.8178,79.0361
Madhya Pradesh,CHHINDWARA,Chaurai(D)_1,2658,-7.064465763732129,-12.4,-1.35,22.05,79.2636
Madhya Pradesh,DAMOH,Abhana_1,2760,0.08203623188405797,-4.86,13.81,23.707,79.5309
Madhya Pradesh,DAMOH,Bamhori Lidai,2187,-17.6824467306813,-28.17,1.0,24.011473,79.264872
Madhya Pradesh,DAMOH,Bichhiya_1,1088,-4.950625,-6.63,-0.56,23.56527778,79.68138889
Madhya Pradesh,DAMOH,Damoh(D)_1,2732,-2.1514348462664716,-3.69,1.0,23.8228,79.4367
Madhya Pradesh,DAMOH,Futera kalan,2325,-13.807957419354839,-19.22,1.0,24.070479,79.406114
Madhya Pradesh,DAMOH,Hatta(D)_1,2727,-9.737660432709937,-12.2,-4.2,24.129700000000003,79.5931
Madhya Pradesh,DATIA,Bargaon_3,2099,-11.309335874225821,-16.84,-0.655,25.74325,78.37083333
Madhya Pradesh,DEWAS,Bagli(D)_1,3196,-22.88953066332916,-26.94,-6.97,22.649399999999996,76.3381
Madhya Pradesh,DHAR,Amjhera(D)_1,2856,-17.1221393557423,-20.91,1.0,22.5561,75.1222
Madhya Pradesh,DHAR,Awaldaman_1,1389,-107.43585889128869,-111.36,-104.606,22.3262,75.0737
Madhya Pradesh,DHAR,Badgiyar,2119,-36.96264936290704,-56.56,3.061,22.2646,74.8203
Madhya Pradesh,DHAR,Badnawar(S)_1,2526,-11.038783847980998,-17.93,-1.0,23.0125,75.2519
Madhya Pradesh,DHAR,Bagh(D)_1,2607,-5.1053586497890295,-5.99,1.0,22.3619,74.7975
Madhya Pradesh,DHAR,Bagri Npz_1,2811,-14.684258271077907,-16.36,-6.33,22.4889,75.4667
Madhya Pradesh,DHAR,Bandheri Npz_1,2700,-6.8159692592592585,-11.95,1.0,22.5861,75.1333
Madhya Pradesh,DHAR,Dattigara,2416,-7.064230132450331,-23.47,16.61,22.8199,75.2299
Madhya Pradesh,DHAR,Dhamnod Npz_1,2398,-3.676180150125104,-5.9,1.33,22.2175,75.4833
Madhya Pradesh,DHAR,Dhar (D)_1,2360,-14.041263559322033,-25.34,-2.834,22.56444,75.2916666
Madhya Pradesh,DHAR,Dharampuri Npz_1,2248,-5.805747775800712,-7.108,-4.536,22.15416,75.3333333
Madhya Pradesh,DHAR,Dhegda,1378,-8.861588534107403,-69.381,1.0,22.2114,75.3648
Madhya Pradesh,DHAR,Gunawad Npz_1,2829,-16.663863556026865,-30.57,1.0,22.6242,75.4319
Madhya Pradesh,DINDORI,Gadasarai-D_1,2764,-5.575282199710564,-7.23,-3.85,22.8197,81.3306
Madhya Pradesh,GUNA,Aron(D),2581,-19.02373033707865,-50.66,-3.621,24.385,77.4144
Madhya Pradesh,GUNA,Aron(S)_1,2242,-18.58793354148082,-25.48,1.0,24.385,77.4144
Madhya Pradesh,GWALIOR,Dabra(S)_1,3346,-16.505881649731023,-27.9,1.0,25.8911,78.3367
Madhya Pradesh,GWALIOR,Gwalior(S)_1,2578,-18.2577110162917,-24.025,-7.572,26.2239,78.1944
Madhya Pradesh,HARDA,Handia(S)_1,2702,-3.7768171724648405,-7.6,1.0,22.4839,76.9861
Madhya Pradesh,INDORE,Agriculture College Residence,2685,-56.97843202979516,-57.21,1.0,22.7061,75.8929
Madhya Pradesh,INDORE,Betma(D)_1,3023,-12.770374131657293,-27.13,-1.28,22.6903,75.6117
Madhya Pradesh,INDORE,Betma(S)_1,3145,-12.434470588235294,-27.38,5.63,22.6903,75.6111
Madhya Pradesh,INDORE,Bilawali Tank_1,3280,-5.752990853658537,-44.22,1.0,22.656399999999998,75.8856
Madhya Pradesh,INDORE,Chandrawatiganj_1,3262,-13.18165849172287,-22.24,-3.65,23.0139,75.6836
Madhya Pradesh,INDORE,Depalpur Block_1,3250,-11.61525846153846,-18.46,1.0,22.8475,75.5366666
Madhya Pradesh,INDORE,Gautampura Tehsil_1,3242,-14.787362739049968,-43.25,1.0,22.9928,75.52
Madhya Pradesh,INDORE,Indore(S)_1,3248,-11.030511083743843,-39.25,-2.88,22.703299999999995,75.8894
Madhya Pradesh,INDORE,Indorecity Mhownaka_1,3145,-27.027364069952306,-28.81,-19.02,22.705,75.8411
Madhya Pradesh,JABALPUR,Bargi Pz_1,2740,-6.229671532846715,-10.17,63.79,22.9894,79.8742
Madhya Pradesh,JHABUA,Bamnia(D)_1,2069,-21.38461382310295,-29.53,-3.15,23.095,74.7644
Madhya Pradesh,Khargone,Abhapuri_1,2084,-45.294186660268714,-62.192,1.0,21.7266,76.055
Madhya Pradesh,Khargone,Badud,1319,-7.906363912054587,-14.211,1.0,22.1589,76.0231
Madhya Pradesh,Khargone,Besrakund,2135,-29.866677283372365,-79.062,1.0,22.0032,75.5592
Madhya Pradesh,Khargone,Bhikangaon(D)_1,2698,-9.290426241660489,-13.13,1.0,21.8631,75.9561
Madhya Pradesh,MANDLA,Banehari,2132,-53.75023358348968,-55.221,1.0,22.63,80.679
Madhya Pradesh,MANDLA,Devdongri,1426,-60.60199018232819,-62.16,-59.75,22.9631,80.4309
Madhya Pradesh,MANDSAUR,Basakheri Npz_1,2501,-32.46868932427029,-45.06,-3.574,24.0283,75.2217
Madhya Pradesh,MANDSAUR,Bethikhedi,2719,-9.30327694005149,-15.95,1.0,24.160349999999998,75.305019
Madhya Pradesh,MANDSAUR,Bhanpura(D)_1,2557,-2.4786624951114584,-10.88,1.0,24.5089,75.7444
Madhya Pradesh,MANDSAUR,Bhanpura(S)_1,2831,-5.193394560226069,-7.42,-1.89,24.5089,75.7444
Madhya Pradesh,MANDSAUR,Borekhedi,784,-9.039369897959183,-10.65,-6.53,24.108539,75.460935
Madhya Pradesh,MANDSAUR,Botalganj Npz_1,2856,-20.00622899159664,-38.03,1.0,24.151699999999998,75.0267
Madhya Pradesh,MANDSAUR,Dhamnar_1,2403,-10.345980024968789,-16.19,1.0,23.91142,75.15292
Madhya Pradesh,MANDSAUR,Digaomali Npz_1,2697,-14.175558027437894,-15.41,1.0,24.0483,75.155
Madhya Pradesh,MANDSAUR,Fatehgarh Npz_1,2793,-6.968347296813462,-12.39,-2.43,23.9817,75.1033
Madhya Pradesh,MANDSAUR,Gujarbardia Npz_1,2862,-13.649584206848358,-24.0,11.4,24.041699999999995,75.1833
Madhya Pradesh,NARSIMHAPUR,Bedu Pz_1,2710,-9.450535055350553,-18.37,-3.9,22.9347,79.3972
Madhya Pradesh,NEEMUCH,Athwakheda Npz_1,2475,-9.48794303030303,-27.09,1.0,24.8383,75.14
Madhya Pradesh,NEEMUCH,Bagwanpura,2748,-31.337754730713243,-37.06,-21.31,24.481,74.7785
Madhya Pradesh,NEEMUCH,Buj_1,1418,-11.612157968970381,-12.09,-7.82,24.5546,75.4817
Madhya Pradesh,NEEMUCH,Gudla_1,2400,-12.746716666666666,-20.36,-5.22,24.2845,75.4029
Madhya Pradesh,PANNA,Badagaon(D),2692,-6.9460040861812775,-17.54,0.43,24.625,80.3456
Madhya Pradesh,PANNA,Hardua_1,2164,-58.78747735674676,-93.53,0.0,24.7462,80.2794
Madhya Pradesh,RAJGARH,Amgarha_1,2724,-7.590638766519825,-10.14,-1.13,23.6412455,76.4628601
Madhya Pradesh,RAJGARH,Biora (D)_1,3191,-5.018831087433407,-8.38,-0.515,23.9106,76.9083
Madhya Pradesh,RAJGARH,Biora(S)_1,3243,-7.856928769657724,-10.68,-1.69,23.9106,76.9083
Madhya Pradesh,RATLAM,Alot Npz_1,2416,-17.952133278145695,-38.67,-3.41,23.75277,75.5472222
Madhya Pradesh,RATLAM,Badawada Npz_1,2713,-27.803328418724657,-39.84,-4.97,23.5847,75.2528
Madhya Pradesh,RATLAM,Badoda Npz_1,2806,-10.510057020669993,-14.81,1.0,23.5628,74.93
Madhya Pradesh,RATLAM,Bajna Npz_1,2568,-10.800070093457945,-17.02,7.82,23.3125,74.6361
Madhya Pradesh,RATLAM,Birmawal OW,2286,-17.293923884514438,-83.095,22.755,23.1223,75.1288
Madhya Pradesh,RATLAM,Dhamnod_1,1896,-11.871077004219408,-38.53,0.936,23.4401,74.9715
Madhya Pradesh,RATLAM,Dharad Npz_1,3007,-11.755902893249086,-19.14,1.0,23.25,75.1125
Madhya Pradesh,RATLAM,Dhodhar (D)_1,3126,-27.96031989763276,-50.53,-2.17,23.7747,75.1086
Madhya Pradesh,RATLAM,Dhodhar(S)_1,2969,-3.8042165712361062,-11.38,6.02,23.775,75.1083
Madhya Pradesh,REWA,Baikunthpur(S)_1,2694,-8.537412769116555,-26.85,7.58,24.7283,81.4089
Madhya Pradesh,SAGAR,Agasod_1,2307,-10.774482878196793,-32.72,101.57,24.2706,78.1634
Madhya Pradesh,SAGAR,Bina(Deep)_1,2772,-14.192525252525252,-24.06,-3.53,24.1653,78.1911
Madhya Pradesh,SAGAR,Bina(Shallow)_1,2677,-14.099671273813971,-21.53,-3.45,24.1653,78.1911
Madhya Pradesh,SAGAR,Garhakota(Deep)_1,2674,-14.48441660433807,-39.29,1.0,23.7853,79.1333
Madhya Pradesh,SAGAR,Girwar_2,2232,-89.97083422939068,-102.342,1.0,23.8213,78.9579
Madhya Pradesh,SATNA,Aira_2,2047,-35.729242305813386,-47.86,0.0,24.4777,81.1069
Madhya Pradesh,SATNA,Amarpatan(S)_1,1689,-18.357314387211368,-32.75,26.547,24.3144,80.9756
Madhya Pradesh,SATNA,Ichoul,1574,-11.930082592121982,-176.552,90.082,24.34019,80.779021
Madhya Pradesh,SEHORE,Ashta(Deep)_1,3015,-19.604829850746267,-37.91,-6.265,23.0111,76.725
Madhya Pradesh,SEHORE,Budhni(Shallow)_1,3063,-8.67635977799543,-11.62,-4.16,22.7967,77.6889
Madhya Pradesh,SEONI,Barghat(S)_1,2766,-3.573517715112075,-6.8,-1.34,22.0328,79.5458
Madhya Pradesh,SHAHDOL,Burhar-D_1,2666,-12.42789197299325,-14.32,-9.02,23.225,81.5244
Madhya Pradesh,SHAJAPUR,Dudhana_1,2739,-18.99788572471705,-29.931,1.0,23.558987,76.391382
Madhya Pradesh,SHIVPURI,Amhara_1,2265,-12.587006622516556,-18.98,1.0,25.0474,77.7701
Madhya Pradesh,SHIVPURI,Atalpur_1,2144,-12.73931203358209,-16.4,1.0,24.9064,77.5076
Madhya Pradesh,SHIVPURI,Badarwas(Shallow)_1,3225,-7.040839379844961,-19.61,0.32,24.9753,77.5694
Madhya Pradesh,SHIVPURI,Baglon,1766,-15.94510758776897,-20.41,1.0,25.48172,77.18744
Madhya Pradesh,SHIVPURI,Banhori Kalan,784,-10.691836734693878,-19.1,-8.1,24.8960586,78.1452187
Madhya Pradesh,SHIVPURI,Berad_1,1700,-5.13352294117647,-9.999,1.0,25.7054848,77.4547965
Madhya Pradesh,SHIVPURI,Bhagawan_1,2353,-6.187201019974501,-9.28,-0.505,25.6339,78.0999
Madhya Pradesh,SHIVPURI,Bhimpur_3,1389,-1.5259308855291578,-10.695,1.0,25.5971016,77.8849373
Madhya Pradesh,SHIVPURI,Bira_2,2689,-10.378368538490145,-11.33,-6.69,25.261200000000002,77.8439
Madhya Pradesh,SHIVPURI,Deharwara,1213,-4.407955482275351,-6.5,-1.22,25.3104,77.5327
Madhya Pradesh,SHIVPURI,Dhamora(Shallow)_1,3284,-10.464372716199756,-17.45,-1.25,25.590599999999995,77.3875
Madhya Pradesh,SHIVPURI,Gadola_1,2285,-2.238707658643326,-3.8,1.0,25.7146776,77.9485206
Madhya Pradesh,SHIVPURI,Gata Thalkui,120,-10.401250000000001,-11.2,-9.67,24.9255812,78.0262592
Madhya Pradesh,SHIVPURI,Ghutari_1,1954,-18.959840839303993,-52.16,0.0,25.3082,77.6665
Madhya Pradesh,SHIVPURI,Gora_6,2293,-19.93694330571304,-34.367,-9.152,25.2523,77.7264
Madhya Pradesh,SHIVPURI,Himmatpur_1,1766,-10.78155832389581,-17.15,1.0,25.3395,78.2491
Madhya Pradesh,SIDHI,Amiliya(S)_1,2687,-14.673777446966879,-19.25,-6.93,24.547200000000004,82.1308
Madhya Pradesh,SINGRAULI,Baragawan(S)_1,2697,-8.881542454579161,-11.46,-5.72,24.1964,82.4558
Madhya Pradesh,SINGRAULI,Deosar(S)_1,2701,-14.449440947797113,-16.32,-6.65,24.3189,82.3042
Madhya Pradesh,TIKAMGARH,Ashtuan,1671,-3.0354266906044285,-9.24,0.0,24.6303,78.8082
Madhya Pradesh,TIKAMGARH,Badai Khera (Sarkanpur),1735,-4.724911239193084,-11.93,-1.13,24.860399,79.072192
Madhya Pradesh,TIKAMGARH,Banapura  Buzurg,1587,-6.019450535601765,-14.105,-2.56,24.747529000000004,79.276462
Madhya Pradesh,TIKAMGARH,Digaura_1,1744,-8.370357798165138,-16.739,-2.802,24.982741,78.834379
Madhya Pradesh,TIKAMGARH,Hatta_3,1749,-1.7292978845054316,-6.13,4.008,24.686503,79.192517
Madhya Pradesh,UJJAIN,Ambodia Npz_1,3239,-4.2136677987033035,-6.73,1.0,23.203600000000005,75.6478
Madhya Pradesh,UJJAIN,Badnagar Npz_1,2688,-9.579464285714286,-11.19,1.0,23.0447,75.3789
Madhya Pradesh,UJJAIN,Chibdi,2766,-10.193261026753435,-12.53,-3.76,23.5937,75.5802
Madhya Pradesh,UJJAIN,Dhanodiya,2714,-5.584252026529108,-7.43,-1.31,23.5133,75.785
Madhya Pradesh,UJJAIN,Gogapur Npz_1,3251,-4.234623192863734,-7.03,-0.24,23.5567,75.5161
Madhya Pradesh,UJJAIN,Hasmpura Npz,3034,-37.591572181938034,-50.7,1.0,23.0986,75.73
Madhya Pradesh,UJJAIN,Ingoria Npz_1,1906,-11.106589716684155,-19.64,1.0,23.1442,75.5542
Madhya Pradesh,VIDISHA,Ganjbasoda( D),3357,-7.34664581471552,-23.17,19.88,23.8486,77.9422
